{
    "gt": "/home/cnd/tmp/dev/ocr_eval_paper/impact/00046943.gt.xml",
    "ocr": "/home/cnd/tmp/dev/ocr_eval_paper/impact/00046943.deu.xml",

    "cer": 0.07333333333333333,
    "wer": 0.2079207920792079,

    "n_characters": 600,
    "n_words": 101
}