{
    "gt": "/home/cnd/tmp/dev/ocr_eval_paper/impact/00046983.gt.xml",
    "ocr": "/home/cnd/tmp/dev/ocr_eval_paper/impact/00046983.deu.xml",

    "cer": 0.09290187891440502,
    "wer": 0.2345679012345679,

    "n_characters": 958,
    "n_words": 162
}