{
    "gt": "/home/cnd/tmp/dev/ocr_eval_paper/impact/00046935.gt.xml",
    "ocr": "/home/cnd/tmp/dev/ocr_eval_paper/impact/00046935.deu.xml",

    "cer": 0.15492957746478872,
    "wer": 0.4233576642335766,

    "n_characters": 852,
    "n_words": 137
}