{
    "gt": "/home/cnd/tmp/dev/ocr_eval_paper/impact/00046922.gt.xml",
    "ocr": "/home/cnd/tmp/dev/ocr_eval_paper/impact/00046922.deu.xml",

    "cer": 0.12404787812840043,
    "wer": 0.35668789808917195,

    "n_characters": 919,
    "n_words": 157
}