{
    "gt": "/home/cnd/tmp/dev/ocr_eval_paper/impact/00046989.gt.xml",
    "ocr": "/home/cnd/tmp/dev/ocr_eval_paper/impact/00046989.gt4hist.xml",

    "cer": 0.07440100882723834,
    "wer": 0.2440944881889764,

    "n_characters": 793,
    "n_words": 127
}