{
    "gt": "/home/cnd/tmp/dev/ocr_eval_paper/impact/00046896.gt.xml",
    "ocr": "/home/cnd/tmp/dev/ocr_eval_paper/impact/00046896.gt4hist.xml",

    "cer": 0.038338658146964855,
    "wer": 0.0989010989010989,

    "n_characters": 626,
    "n_words": 91
}