{
    "gt": "/home/cnd/tmp/dev/ocr_eval_paper/impact/00046909.gt.xml",
    "ocr": "/home/cnd/tmp/dev/ocr_eval_paper/impact/00046909.deu.xml",

    "cer": 0.07134502923976609,
    "wer": 0.2465753424657534,

    "n_characters": 855,
    "n_words": 146
}