{
    "gt": "/home/cnd/tmp/dev/ocr_eval_paper/impact/00046966.gt.xml",
    "ocr": "/home/cnd/tmp/dev/ocr_eval_paper/impact/00046966.gt4hist.xml",

    "cer": 0.021834061135371178,
    "wer": 0.07894736842105263,

    "n_characters": 916,
    "n_words": 152
}