{
    "gt": "/home/cnd/tmp/dev/ocr_eval_paper/impact/00046995.gt.xml",
    "ocr": "/home/cnd/tmp/dev/ocr_eval_paper/impact/00046995.gt4hist.xml",

    "cer": 0.03644646924829157,
    "wer": 0.10135135135135136,

    "n_characters": 878,
    "n_words": 148
}