{
    "gt": "/home/cnd/tmp/dev/ocr_eval_paper/impact/00046978.gt.xml",
    "ocr": "/home/cnd/tmp/dev/ocr_eval_paper/impact/00046978.deu.xml",

    "cer": 0.0924548352816153,
    "wer": 0.24074074074074073,

    "n_characters": 941,
    "n_words": 162
}