{
    "gt": "/home/cnd/tmp/dev/ocr_eval_paper/impact/00046906.gt.xml",
    "ocr": "/home/cnd/tmp/dev/ocr_eval_paper/impact/00046906.deu.xml",

    "cer": 0.21108179419525067,
    "wer": 0.38636363636363635,

    "n_characters": 758,
    "n_words": 132
}