{
    "gt": "/home/cnd/tmp/dev/ocr_eval_paper/impact/00046927.gt.xml",
    "ocr": "/home/cnd/tmp/dev/ocr_eval_paper/impact/00046927.gt4hist.xml",

    "cer": 0.061247216035634745,
    "wer": 0.18421052631578946,

    "n_characters": 898,
    "n_words": 152
}