{
    "gt": "/home/cnd/tmp/dev/ocr_eval_paper/impact/00046950.gt.xml",
    "ocr": "/home/cnd/tmp/dev/ocr_eval_paper/impact/00046950.gt4hist.xml",

    "cer": 0.02556237218813906,
    "wer": 0.047058823529411764,

    "n_characters": 978,
    "n_words": 170
}