{
    "gt": "/home/cnd/tmp/dev/ocr_eval_paper/impact/00046986.gt.xml",
    "ocr": "/home/cnd/tmp/dev/ocr_eval_paper/impact/00046986.gt4hist.xml",

    "cer": 0.11811926605504587,
    "wer": 0.22448979591836735,

    "n_characters": 872,
    "n_words": 147
}