{
    "gt": "/home/cnd/tmp/dev/ocr_eval_paper/impact/00046997.gt.xml",
    "ocr": "/home/cnd/tmp/dev/ocr_eval_paper/impact/00046997.deu.xml",

    "cer": 0.09390243902439024,
    "wer": 0.2585034013605442,

    "n_characters": 820,
    "n_words": 147
}