{
    "gt": "/home/cnd/tmp/dev/ocr_eval_paper/impact/00046960.gt.xml",
    "ocr": "/home/cnd/tmp/dev/ocr_eval_paper/impact/00046960.gt4hist.xml",

    "cer": 0.01835985312117503,
    "wer": 0.057971014492753624,

    "n_characters": 817,
    "n_words": 138
}