{
    "gt": "/home/cnd/tmp/dev/ocr_eval_paper/impact/00046898.gt.xml",
    "ocr": "/home/cnd/tmp/dev/ocr_eval_paper/impact/00046898.gt4hist.xml",

    "cer": 0.05627009646302251,
    "wer": 0.10204081632653061,

    "n_characters": 622,
    "n_words": 98
}