{
    "gt": "/home/cnd/tmp/dev/ocr_eval_paper/impact/00046980.gt.xml",
    "ocr": "/home/cnd/tmp/dev/ocr_eval_paper/impact/00046980.deu.xml",

    "cer": 0.06501182033096926,
    "wer": 0.2127659574468085,

    "n_characters": 846,
    "n_words": 141
}