{
    "gt": "/home/cnd/tmp/dev/ocr_eval_paper/impact/00046984.gt.xml",
    "ocr": "/home/cnd/tmp/dev/ocr_eval_paper/impact/00046984.deu.xml",

    "cer": 0.05789473684210526,
    "wer": 0.16770186335403728,

    "n_characters": 950,
    "n_words": 161
}