{
    "gt": "/home/cnd/tmp/dev/ocr_eval_paper/impact/00046925.gt.xml",
    "ocr": "/home/cnd/tmp/dev/ocr_eval_paper/impact/00046925.gt4hist.xml",

    "cer": 0.0545876887340302,
    "wer": 0.18309859154929578,

    "n_characters": 861,
    "n_words": 142
}