{
    "gt": "/home/cnd/tmp/dev/ocr_eval_paper/impact/00046944.gt.xml",
    "ocr": "/home/cnd/tmp/dev/ocr_eval_paper/impact/00046944.gt4hist.xml",

    "cer": 0.03896103896103896,
    "wer": 0.14285714285714285,

    "n_characters": 924,
    "n_words": 147
}