{
    "gt": "/home/cnd/tmp/dev/ocr_eval_paper/impact/00046991.gt.xml",
    "ocr": "/home/cnd/tmp/dev/ocr_eval_paper/impact/00046991.gt4hist.xml",

    "cer": 0.06896551724137931,
    "wer": 0.12727272727272726,

    "n_characters": 957,
    "n_words": 165
}