{
    "gt": "/home/cnd/tmp/dev/ocr_eval_paper/impact/00046995.gt.xml",
    "ocr": "/home/cnd/tmp/dev/ocr_eval_paper/impact/00046995.deu.xml",

    "cer": 0.05353075170842825,
    "wer": 0.18243243243243243,

    "n_characters": 878,
    "n_words": 148
}