{
    "gt": "/home/cnd/tmp/dev/ocr_eval_paper/impact/00047002.gt.xml",
    "ocr": "/home/cnd/tmp/dev/ocr_eval_paper/impact/00047002.deu.xml",

    "cer": 0.16182572614107885,
    "wer": 0.43902439024390244,

    "n_characters": 241,
    "n_words": 41
}