{
    "gt": "/home/cnd/tmp/dev/ocr_eval_paper/impact/00046901.gt.xml",
    "ocr": "/home/cnd/tmp/dev/ocr_eval_paper/impact/00046901.gt4hist.xml",

    "cer": 0.05309734513274336,
    "wer": 0.16326530612244897,

    "n_characters": 565,
    "n_words": 98
}