{
    "gt": "/home/cnd/tmp/dev/ocr_eval_paper/impact/00046941.gt.xml",
    "ocr": "/home/cnd/tmp/dev/ocr_eval_paper/impact/00046941.gt4hist.xml",

    "cer": 0.10618556701030928,
    "wer": 0.3710691823899371,

    "n_characters": 970,
    "n_words": 159
}