{
    "gt": "/home/cnd/tmp/dev/ocr_eval_paper/impact/00046954.gt.xml",
    "ocr": "/home/cnd/tmp/dev/ocr_eval_paper/impact/00046954.deu.xml",

    "cer": 0.09053069719042664,
    "wer": 0.26282051282051283,

    "n_characters": 961,
    "n_words": 156
}