{
    "gt": "/home/cnd/tmp/dev/ocr_eval_paper/impact/00046972.gt.xml",
    "ocr": "/home/cnd/tmp/dev/ocr_eval_paper/impact/00046972.gt4hist.xml",

    "cer": 0.04319654427645788,
    "wer": 0.11180124223602485,

    "n_characters": 926,
    "n_words": 161
}