{
    "gt": "/home/cnd/tmp/dev/ocr_eval_paper/impact/00046986.gt.xml",
    "ocr": "/home/cnd/tmp/dev/ocr_eval_paper/impact/00046986.deu.xml",

    "cer": 0.05963302752293578,
    "wer": 0.19727891156462585,

    "n_characters": 872,
    "n_words": 147
}