{
    "gt": "/home/cnd/tmp/dev/ocr_eval_paper/impact/00046937.gt.xml",
    "ocr": "/home/cnd/tmp/dev/ocr_eval_paper/impact/00046937.gt4hist.xml",

    "cer": 0.03559127439724455,
    "wer": 0.1388888888888889,

    "n_characters": 871,
    "n_words": 144
}