{
    "gt": "/home/cnd/tmp/dev/ocr_eval_paper/impact/00046909.gt.xml",
    "ocr": "/home/cnd/tmp/dev/ocr_eval_paper/impact/00046909.gt4hist.xml",

    "cer": 0.04093567251461988,
    "wer": 0.1232876712328767,

    "n_characters": 855,
    "n_words": 146
}