{
    "gt": "/home/cnd/tmp/dev/ocr_eval_paper/impact/00046993.gt.xml",
    "ocr": "/home/cnd/tmp/dev/ocr_eval_paper/impact/00046993.gt4hist.xml",

    "cer": 0.045787545787545784,
    "wer": 0.10869565217391304,

    "n_characters": 546,
    "n_words": 92
}