{
    "gt": "/home/cnd/tmp/dev/ocr_eval_paper/impact/00046998.gt.xml",
    "ocr": "/home/cnd/tmp/dev/ocr_eval_paper/impact/00046998.gt4hist.xml",

    "cer": 0.07398843930635839,
    "wer": 0.11510791366906475,

    "n_characters": 865,
    "n_words": 139
}