{
    "gt": "/home/cnd/tmp/dev/ocr_eval_paper/impact/00046898.gt.xml",
    "ocr": "/home/cnd/tmp/dev/ocr_eval_paper/impact/00046898.deu.xml",

    "cer": 0.10932475884244373,
    "wer": 0.2857142857142857,

    "n_characters": 622,
    "n_words": 98
}