{
    "gt": "/home/cnd/tmp/dev/ocr_eval_paper/impact/00046930.gt.xml",
    "ocr": "/home/cnd/tmp/dev/ocr_eval_paper/impact/00046930.deu.xml",

    "cer": 0.054857142857142854,
    "wer": 0.19285714285714287,

    "n_characters": 875,
    "n_words": 140
}