{
    "gt": "/home/cnd/tmp/dev/ocr_eval_paper/impact/00046920.gt.xml",
    "ocr": "/home/cnd/tmp/dev/ocr_eval_paper/impact/00046920.gt4hist.xml",

    "cer": 0.05786026200873363,
    "wer": 0.1513157894736842,

    "n_characters": 916,
    "n_words": 152
}