{
    "gt": "/home/cnd/tmp/dev/ocr_eval_paper/impact/00046912.gt.xml",
    "ocr": "/home/cnd/tmp/dev/ocr_eval_paper/impact/00046912.deu.xml",

    "cer": 0.09446254071661238,
    "wer": 0.2534246575342466,

    "n_characters": 921,
    "n_words": 146
}