{
    "gt": "/home/cnd/tmp/dev/ocr_eval_paper/impact/00046980.gt.xml",
    "ocr": "/home/cnd/tmp/dev/ocr_eval_paper/impact/00046980.gt4hist.xml",

    "cer": 0.04728132387706856,
    "wer": 0.09219858156028368,

    "n_characters": 846,
    "n_words": 141
}