{
    "gt": "/home/cnd/tmp/dev/ocr_eval_paper/impact/00046917.gt.xml",
    "ocr": "/home/cnd/tmp/dev/ocr_eval_paper/impact/00046917.deu.xml",

    "cer": 0.059447983014861996,
    "wer": 0.2867132867132867,

    "n_characters": 942,
    "n_words": 143
}