{
    "gt": "/home/cnd/tmp/dev/ocr_eval_paper/impact/00046934.gt.xml",
    "ocr": "/home/cnd/tmp/dev/ocr_eval_paper/impact/00046934.deu.xml",

    "cer": 0.07285429141716566,
    "wer": 0.19760479041916168,

    "n_characters": 1002,
    "n_words": 167
}