{
    "gt": "/home/cnd/tmp/dev/ocr_eval_paper/impact/00046988.gt.xml",
    "ocr": "/home/cnd/tmp/dev/ocr_eval_paper/impact/00046988.deu.xml",

    "cer": 0.10075566750629723,
    "wer": 0.3053435114503817,

    "n_characters": 794,
    "n_words": 131
}