{
    "gt": "/home/cnd/tmp/dev/ocr_eval_paper/impact/00046963.gt.xml",
    "ocr": "/home/cnd/tmp/dev/ocr_eval_paper/impact/00046963.gt4hist.xml",

    "cer": 0.04859611231101512,
    "wer": 0.09803921568627451,

    "n_characters": 926,
    "n_words": 153
}