{
    "gt": "/home/cnd/tmp/dev/ocr_eval_paper/impact/00046928.gt.xml",
    "ocr": "/home/cnd/tmp/dev/ocr_eval_paper/impact/00046928.deu.xml",

    "cer": 0.08626760563380281,
    "wer": 0.2755102040816326,

    "n_characters": 568,
    "n_words": 98
}