{
    "gt": "/home/cnd/tmp/dev/ocr_eval_paper/impact/00046916.gt.xml",
    "ocr": "/home/cnd/tmp/dev/ocr_eval_paper/impact/00046916.deu.xml",

    "cer": 0.04643628509719223,
    "wer": 0.20689655172413793,

    "n_characters": 926,
    "n_words": 145
}