{
    "gt": "/home/cnd/tmp/dev/ocr_eval_paper/impact/00046979.gt.xml",
    "ocr": "/home/cnd/tmp/dev/ocr_eval_paper/impact/00046979.deu.xml",

    "cer": 0.08695652173913043,
    "wer": 0.22818791946308725,

    "n_characters": 920,
    "n_words": 149
}