{
    "gt": "/home/cnd/tmp/dev/ocr_eval_paper/impact/00046954.gt.xml",
    "ocr": "/home/cnd/tmp/dev/ocr_eval_paper/impact/00046954.gt4hist.xml",

    "cer": 0.03329864724245578,
    "wer": 0.11538461538461539,

    "n_characters": 961,
    "n_words": 156
}