{
    "gt": "/home/cnd/tmp/dev/ocr_eval_paper/impact/00046948.gt.xml",
    "ocr": "/home/cnd/tmp/dev/ocr_eval_paper/impact/00046948.gt4hist.xml",

    "cer": 0.03218645948945616,
    "wer": 0.11486486486486487,

    "n_characters": 901,
    "n_words": 148
}