{
    "gt": "/home/cnd/tmp/dev/ocr_eval_paper/impact/00046987.gt.xml",
    "ocr": "/home/cnd/tmp/dev/ocr_eval_paper/impact/00046987.gt4hist.xml",

    "cer": 0.04393063583815029,
    "wer": 0.14492753623188406,

    "n_characters": 865,
    "n_words": 138
}