{
    "gt": "/home/cnd/tmp/dev/ocr_eval_paper/impact/00046900.gt.xml",
    "ocr": "/home/cnd/tmp/dev/ocr_eval_paper/impact/00046900.gt4hist.xml",

    "cer": 0.06891025641025642,
    "wer": 0.14705882352941177,

    "n_characters": 624,
    "n_words": 102
}