{
    "gt": "/home/cnd/tmp/dev/ocr_eval_paper/impact/00046973.gt.xml",
    "ocr": "/home/cnd/tmp/dev/ocr_eval_paper/impact/00046973.gt4hist.xml",

    "cer": 0.07284079084287201,
    "wer": 0.22929936305732485,

    "n_characters": 961,
    "n_words": 157
}