{
    "gt": "/home/cnd/tmp/dev/ocr_eval_paper/impact/00046964.gt.xml",
    "ocr": "/home/cnd/tmp/dev/ocr_eval_paper/impact/00046964.gt4hist.xml",

    "cer": 0.023228803716608595,
    "wer": 0.03424657534246575,

    "n_characters": 861,
    "n_words": 146
}