{
    "gt": "/home/cnd/tmp/dev/ocr_eval_paper/impact/00046990.gt.xml",
    "ocr": "/home/cnd/tmp/dev/ocr_eval_paper/impact/00046990.gt4hist.xml",

    "cer": 0.023809523809523808,
    "wer": 0.05673758865248227,

    "n_characters": 882,
    "n_words": 141
}