{
    "gt": "/home/cnd/tmp/dev/ocr_eval_paper/impact/00046981.gt.xml",
    "ocr": "/home/cnd/tmp/dev/ocr_eval_paper/impact/00046981.gt4hist.xml",

    "cer": 0.04144385026737968,
    "wer": 0.1111111111111111,

    "n_characters": 748,
    "n_words": 126
}