{
    "gt": "/home/cnd/tmp/dev/ocr_eval_paper/impact/00046971.gt.xml",
    "ocr": "/home/cnd/tmp/dev/ocr_eval_paper/impact/00046971.gt4hist.xml",

    "cer": 0.11940298507462686,
    "wer": 0.22580645161290322,

    "n_characters": 938,
    "n_words": 155
}