{
    "gt": "/home/cnd/tmp/dev/ocr_eval_paper/impact/00047002.gt.xml",
    "ocr": "/home/cnd/tmp/dev/ocr_eval_paper/impact/00047002.gt4hist.xml",

    "cer": 0.08713692946058091,
    "wer": 0.07317073170731707,

    "n_characters": 241,
    "n_words": 41
}