{
    "gt": "/home/cnd/tmp/dev/ocr_eval_paper/impact/00046925.gt.xml",
    "ocr": "/home/cnd/tmp/dev/ocr_eval_paper/impact/00046925.deu.xml",

    "cer": 0.08246225319396051,
    "wer": 0.2887323943661972,

    "n_characters": 861,
    "n_words": 142
}