{
    "gt": "/home/cnd/tmp/dev/ocr_eval_paper/impact/00046935.gt.xml",
    "ocr": "/home/cnd/tmp/dev/ocr_eval_paper/impact/00046935.gt4hist.xml",

    "cer": 0.11384976525821597,
    "wer": 0.30656934306569344,

    "n_characters": 852,
    "n_words": 137
}