{
    "gt": "/home/cnd/tmp/dev/ocr_eval_paper/impact/00046981.gt.xml",
    "ocr": "/home/cnd/tmp/dev/ocr_eval_paper/impact/00046981.deu.xml",

    "cer": 0.16711229946524064,
    "wer": 0.373015873015873,

    "n_characters": 748,
    "n_words": 126
}