{
    "gt": "/home/cnd/tmp/dev/ocr_eval_paper/impact/00046966.gt.xml",
    "ocr": "/home/cnd/tmp/dev/ocr_eval_paper/impact/00046966.deu.xml",

    "cer": 0.07205240174672489,
    "wer": 0.3092105263157895,

    "n_characters": 916,
    "n_words": 152
}