{
    "gt": "/home/cnd/tmp/dev/ocr_eval_paper/impact/00046931.gt.xml",
    "ocr": "/home/cnd/tmp/dev/ocr_eval_paper/impact/00046931.deu.xml",

    "cer": 0.06631016042780749,
    "wer": 0.21232876712328766,

    "n_characters": 935,
    "n_words": 146
}