{
    "gt": "/home/cnd/tmp/dev/ocr_eval_paper/impact/00046964.gt.xml",
    "ocr": "/home/cnd/tmp/dev/ocr_eval_paper/impact/00046964.deu.xml",

    "cer": 0.07317073170731707,
    "wer": 0.21232876712328766,

    "n_characters": 861,
    "n_words": 146
}