{
    "gt": "/home/cnd/tmp/dev/ocr_eval_paper/impact/00046996.gt.xml",
    "ocr": "/home/cnd/tmp/dev/ocr_eval_paper/impact/00046996.gt4hist.xml",

    "cer": 0.04498714652956298,
    "wer": 0.14960629921259844,

    "n_characters": 778,
    "n_words": 127
}