{
    "gt": "/home/cnd/tmp/dev/ocr_eval_paper/impact/00046940.gt.xml",
    "ocr": "/home/cnd/tmp/dev/ocr_eval_paper/impact/00046940.deu.xml",

    "cer": 0.11550151975683891,
    "wer": 0.37142857142857144,

    "n_characters": 987,
    "n_words": 175
}