{
    "gt": "/home/cnd/tmp/dev/ocr_eval_paper/impact/00046921.gt.xml",
    "ocr": "/home/cnd/tmp/dev/ocr_eval_paper/impact/00046921.gt4hist.xml",

    "cer": 0.07062780269058296,
    "wer": 0.2054794520547945,

    "n_characters": 892,
    "n_words": 146
}