{
    "gt": "/home/cnd/tmp/dev/ocr_eval_paper/impact/00046961.gt.xml",
    "ocr": "/home/cnd/tmp/dev/ocr_eval_paper/impact/00046961.gt4hist.xml",

    "cer": 0.021396396396396396,
    "wer": 0.059602649006622516,

    "n_characters": 888,
    "n_words": 151
}