{
    "gt": "/home/cnd/tmp/dev/ocr_eval_paper/impact/00046951.gt.xml",
    "ocr": "/home/cnd/tmp/dev/ocr_eval_paper/impact/00046951.gt4hist.xml",

    "cer": 0.06157112526539278,
    "wer": 0.1895424836601307,

    "n_characters": 942,
    "n_words": 153
}