{
    "gt": "/home/cnd/tmp/dev/ocr_eval_paper/impact/00046895.gt.xml",
    "ocr": "/home/cnd/tmp/dev/ocr_eval_paper/impact/00046895.gt4hist.xml",

    "cer": 0.12655601659751037,
    "wer": 0.3194444444444444,

    "n_characters": 482,
    "n_words": 72
}