{
    "gt": "/home/cnd/tmp/dev/ocr_eval_paper/impact/00046958.gt.xml",
    "ocr": "/home/cnd/tmp/dev/ocr_eval_paper/impact/00046958.gt4hist.xml",

    "cer": 0.035024154589371984,
    "wer": 0.11510791366906475,

    "n_characters": 828,
    "n_words": 139
}