{
    "gt": "/home/cnd/tmp/dev/ocr_eval_paper/impact/00046913.gt.xml",
    "ocr": "/home/cnd/tmp/dev/ocr_eval_paper/impact/00046913.gt4hist.xml",

    "cer": 0.04728132387706856,
    "wer": 0.0763888888888889,

    "n_characters": 846,
    "n_words": 144
}