{
    "gt": "/home/cnd/tmp/dev/ocr_eval_paper/impact/00046949.gt.xml",
    "ocr": "/home/cnd/tmp/dev/ocr_eval_paper/impact/00046949.gt4hist.xml",

    "cer": 0.014507772020725389,
    "wer": 0.05660377358490566,

    "n_characters": 965,
    "n_words": 159
}