{
    "gt": "/home/cnd/tmp/dev/ocr_eval_paper/impact/00046929.gt.xml",
    "ocr": "/home/cnd/tmp/dev/ocr_eval_paper/impact/00046929.deu.xml",

    "cer": 0.06783369803063458,
    "wer": 0.24025974025974026,

    "n_characters": 914,
    "n_words": 154
}