{
    "gt": "/home/cnd/tmp/dev/ocr_eval_paper/impact/00046911.gt.xml",
    "ocr": "/home/cnd/tmp/dev/ocr_eval_paper/impact/00046911.deu.xml",

    "cer": 0.07314410480349345,
    "wer": 0.2578616352201258,

    "n_characters": 916,
    "n_words": 159
}