{
    "gt": "/home/cnd/tmp/dev/ocr_eval_paper/impact/00046955.gt.xml",
    "ocr": "/home/cnd/tmp/dev/ocr_eval_paper/impact/00046955.gt4hist.xml",

    "cer": 0.025746652935118436,
    "wer": 0.07096774193548387,

    "n_characters": 971,
    "n_words": 155
}