{
    "gt": "/home/cnd/tmp/dev/ocr_eval_paper/impact/00046976.gt.xml",
    "ocr": "/home/cnd/tmp/dev/ocr_eval_paper/impact/00046976.deu.xml",

    "cer": 0.06060606060606061,
    "wer": 0.23030303030303031,

    "n_characters": 957,
    "n_words": 165
}