{
    "gt": "/home/cnd/tmp/dev/ocr_eval_paper/impact/00046994.gt.xml",
    "ocr": "/home/cnd/tmp/dev/ocr_eval_paper/impact/00046994.gt4hist.xml",

    "cer": 0.02947845804988662,
    "wer": 0.1292517006802721,

    "n_characters": 882,
    "n_words": 147
}