{
    "gt": "/home/cnd/tmp/dev/ocr_eval_paper/impact/00046923.gt.xml",
    "ocr": "/home/cnd/tmp/dev/ocr_eval_paper/impact/00046923.deu.xml",

    "cer": 0.16537180910099888,
    "wer": 0.35333333333333333,

    "n_characters": 901,
    "n_words": 150
}