{
    "gt": "/home/cnd/tmp/dev/ocr_eval_paper/impact/00046982.gt.xml",
    "ocr": "/home/cnd/tmp/dev/ocr_eval_paper/impact/00046982.deu.xml",

    "cer": 0.08289611752360965,
    "wer": 0.27388535031847133,

    "n_characters": 953,
    "n_words": 157
}