{
    "gt": "/home/cnd/tmp/dev/ocr_eval_paper/impact/00046918.gt.xml",
    "ocr": "/home/cnd/tmp/dev/ocr_eval_paper/impact/00046918.gt4hist.xml",

    "cer": 0.04713804713804714,
    "wer": 0.09027777777777778,

    "n_characters": 891,
    "n_words": 144
}