{
    "gt": "/home/cnd/tmp/dev/ocr_eval_paper/impact/00046933.gt.xml",
    "ocr": "/home/cnd/tmp/dev/ocr_eval_paper/impact/00046933.gt4hist.xml",

    "cer": 0.040892193308550186,
    "wer": 0.15447154471544716,

    "n_characters": 807,
    "n_words": 123
}