{
    "gt": "/home/cnd/tmp/dev/ocr_eval_paper/impact/00046946.gt.xml",
    "ocr": "/home/cnd/tmp/dev/ocr_eval_paper/impact/00046946.gt4hist.xml",

    "cer": 0.022650056625141562,
    "wer": 0.08904109589041095,

    "n_characters": 883,
    "n_words": 146
}