{
    "gt": "/home/cnd/tmp/dev/ocr_eval_paper/impact/00046893.gt.xml",
    "ocr": "/home/cnd/tmp/dev/ocr_eval_paper/impact/00046893.gt4hist.xml",

    "cer": 0.4166666666666667,
    "wer": 0.46153846153846156,

    "n_characters": 84,
    "n_words": 13
}