{
    "gt": "/home/cnd/tmp/dev/ocr_eval_paper/impact/00046957.gt.xml",
    "ocr": "/home/cnd/tmp/dev/ocr_eval_paper/impact/00046957.deu.xml",

    "cer": 0.08052230685527748,
    "wer": 0.29559748427672955,

    "n_characters": 919,
    "n_words": 159
}