{
    "gt": "/home/cnd/tmp/dev/ocr_eval_paper/impact/00046967.gt.xml",
    "ocr": "/home/cnd/tmp/dev/ocr_eval_paper/impact/00046967.deu.xml",

    "cer": 0.06818181818181818,
    "wer": 0.2517985611510791,

    "n_characters": 836,
    "n_words": 139
}