{
    "gt": "/home/cnd/tmp/dev/ocr_eval_paper/impact/00046912.gt.xml",
    "ocr": "/home/cnd/tmp/dev/ocr_eval_paper/impact/00046912.gt4hist.xml",

    "cer": 0.06188925081433225,
    "wer": 0.08904109589041095,

    "n_characters": 921,
    "n_words": 146
}