{
    "gt": "/home/cnd/tmp/dev/ocr_eval_paper/impact/00046927.gt.xml",
    "ocr": "/home/cnd/tmp/dev/ocr_eval_paper/impact/00046927.deu.xml",

    "cer": 0.0935412026726058,
    "wer": 0.27631578947368424,

    "n_characters": 898,
    "n_words": 152
}