{
    "gt": "/home/cnd/tmp/dev/ocr_eval_paper/impact/00046998.gt.xml",
    "ocr": "/home/cnd/tmp/dev/ocr_eval_paper/impact/00046998.deu.xml",

    "cer": 0.09364161849710982,
    "wer": 0.2733812949640288,

    "n_characters": 865,
    "n_words": 139
}