{
    "gt": "/home/cnd/tmp/dev/ocr_eval_paper/impact/00046988.gt.xml",
    "ocr": "/home/cnd/tmp/dev/ocr_eval_paper/impact/00046988.gt4hist.xml",

    "cer": 0.05667506297229219,
    "wer": 0.16793893129770993,

    "n_characters": 794,
    "n_words": 131
}