{
    "gt": "/home/cnd/tmp/dev/ocr_eval_paper/impact/00046903.gt.xml",
    "ocr": "/home/cnd/tmp/dev/ocr_eval_paper/impact/00046903.deu.xml",

    "cer": 0.14545454545454545,
    "wer": 0.4444444444444444,

    "n_characters": 330,
    "n_words": 54
}