{
    "gt": "/home/cnd/tmp/dev/ocr_eval_paper/impact/00046959.gt.xml",
    "ocr": "/home/cnd/tmp/dev/ocr_eval_paper/impact/00046959.deu.xml",

    "cer": 0.09101382488479262,
    "wer": 0.30201342281879195,

    "n_characters": 868,
    "n_words": 149
}