{
    "gt": "/home/cnd/tmp/dev/ocr_eval_paper/impact/00046914.gt.xml",
    "ocr": "/home/cnd/tmp/dev/ocr_eval_paper/impact/00046914.deu.xml",

    "cer": 0.06853582554517133,
    "wer": 0.2822085889570552,

    "n_characters": 963,
    "n_words": 163
}