{
    "gt": "/home/cnd/tmp/dev/ocr_eval_paper/impact/00046932.gt.xml",
    "ocr": "/home/cnd/tmp/dev/ocr_eval_paper/impact/00046932.gt4hist.xml",

    "cer": 0.022167487684729065,
    "wer": 0.08823529411764706,

    "n_characters": 812,
    "n_words": 136
}