{
    "gt": "/home/cnd/tmp/dev/ocr_eval_paper/impact/00046993.gt.xml",
    "ocr": "/home/cnd/tmp/dev/ocr_eval_paper/impact/00046993.deu.xml",

    "cer": 0.09340659340659341,
    "wer": 0.31521739130434784,

    "n_characters": 546,
    "n_words": 92
}