{
    "gt": "/home/cnd/tmp/dev/ocr_eval_paper/impact/00046948.gt.xml",
    "ocr": "/home/cnd/tmp/dev/ocr_eval_paper/impact/00046948.deu.xml",

    "cer": 0.05771365149833518,
    "wer": 0.14864864864864866,

    "n_characters": 901,
    "n_words": 148
}