{
    "gt": "/home/cnd/tmp/dev/ocr_eval_paper/impact/00046990.gt.xml",
    "ocr": "/home/cnd/tmp/dev/ocr_eval_paper/impact/00046990.deu.xml",

    "cer": 0.07596371882086168,
    "wer": 0.2553191489361702,

    "n_characters": 882,
    "n_words": 141
}