{
    "gt": "/home/cnd/tmp/dev/ocr_eval_paper/impact/00046972.gt.xml",
    "ocr": "/home/cnd/tmp/dev/ocr_eval_paper/impact/00046972.deu.xml",

    "cer": 0.1079913606911447,
    "wer": 0.32298136645962733,

    "n_characters": 926,
    "n_words": 161
}