{
    "gt": "/home/cnd/tmp/dev/ocr_eval_paper/impact/00046924.gt.xml",
    "ocr": "/home/cnd/tmp/dev/ocr_eval_paper/impact/00046924.gt4hist.xml",

    "cer": 0.04951856946354883,
    "wer": 0.17391304347826086,

    "n_characters": 727,
    "n_words": 115
}