{
    "gt": "/home/cnd/tmp/dev/ocr_eval_paper/impact/00046921.gt.xml",
    "ocr": "/home/cnd/tmp/dev/ocr_eval_paper/impact/00046921.deu.xml",

    "cer": 0.05605381165919283,
    "wer": 0.22602739726027396,

    "n_characters": 892,
    "n_words": 146
}