{
    "gt": "/home/cnd/tmp/dev/ocr_eval_paper/impact/00046908.gt.xml",
    "ocr": "/home/cnd/tmp/dev/ocr_eval_paper/impact/00046908.deu.xml",

    "cer": 0.09235668789808917,
    "wer": 0.30434782608695654,

    "n_characters": 942,
    "n_words": 161
}