{
    "gt": "/home/cnd/tmp/dev/ocr_eval_paper/impact/00046945.gt.xml",
    "ocr": "/home/cnd/tmp/dev/ocr_eval_paper/impact/00046945.deu.xml",

    "cer": 0.05623721881390593,
    "wer": 0.147239263803681,

    "n_characters": 978,
    "n_words": 163
}