{
    "gt": "/home/cnd/tmp/dev/ocr_eval_paper/impact/00046918.gt.xml",
    "ocr": "/home/cnd/tmp/dev/ocr_eval_paper/impact/00046918.deu.xml",

    "cer": 0.06958473625140292,
    "wer": 0.2569444444444444,

    "n_characters": 891,
    "n_words": 144
}