{
    "gt": "/home/cnd/tmp/dev/ocr_eval_paper/impact/00046956.gt.xml",
    "ocr": "/home/cnd/tmp/dev/ocr_eval_paper/impact/00046956.deu.xml",

    "cer": 0.06265356265356266,
    "wer": 0.1773049645390071,

    "n_characters": 814,
    "n_words": 141
}