{
    "gt": "/home/cnd/tmp/dev/ocr_eval_paper/impact/00046965.gt.xml",
    "ocr": "/home/cnd/tmp/dev/ocr_eval_paper/impact/00046965.deu.xml",

    "cer": 0.09468085106382979,
    "wer": 0.35135135135135137,

    "n_characters": 940,
    "n_words": 148
}