{
    "gt": "/home/cnd/tmp/dev/ocr_eval_paper/impact/00046893.gt.xml",
    "ocr": "/home/cnd/tmp/dev/ocr_eval_paper/impact/00046893.deu.xml",

    "cer": 0.4642857142857143,
    "wer": 0.6153846153846154,

    "n_characters": 84,
    "n_words": 13
}