{
    "gt": "/home/cnd/tmp/dev/ocr_eval_paper/impact/00046962.gt.xml",
    "ocr": "/home/cnd/tmp/dev/ocr_eval_paper/impact/00046962.gt4hist.xml",

    "cer": 0.04013377926421405,
    "wer": 0.14093959731543623,

    "n_characters": 897,
    "n_words": 149
}