{
    "gt": "/home/cnd/tmp/dev/ocr_eval_paper/impact/00046985.gt.xml",
    "ocr": "/home/cnd/tmp/dev/ocr_eval_paper/impact/00046985.deu.xml",

    "cer": 0.12237330037082818,
    "wer": 0.3582089552238806,

    "n_characters": 809,
    "n_words": 134
}