{
    "gt": "/home/cnd/tmp/dev/ocr_eval_paper/impact/00046942.gt.xml",
    "ocr": "/home/cnd/tmp/dev/ocr_eval_paper/impact/00046942.deu.xml",

    "cer": 0.09508196721311475,
    "wer": 0.25471698113207547,

    "n_characters": 610,
    "n_words": 106
}