{
    "gt": "/home/cnd/tmp/dev/ocr_eval_paper/impact/00046905.gt.xml",
    "ocr": "/home/cnd/tmp/dev/ocr_eval_paper/impact/00046905.gt4hist.xml",

    "cer": 0.08278145695364239,
    "wer": 0.17307692307692307,

    "n_characters": 302,
    "n_words": 52
}