{
    "gt": "/home/cnd/tmp/dev/ocr_eval_paper/impact/00046919.gt.xml",
    "ocr": "/home/cnd/tmp/dev/ocr_eval_paper/impact/00046919.deu.xml",

    "cer": 0.08922742110990206,
    "wer": 0.2549019607843137,

    "n_characters": 919,
    "n_words": 153
}