{
    "gt": "/home/cnd/tmp/dev/ocr_eval_paper/impact/00046906.gt.xml",
    "ocr": "/home/cnd/tmp/dev/ocr_eval_paper/impact/00046906.gt4hist.xml",

    "cer": 0.27308707124010556,
    "wer": 0.3409090909090909,

    "n_characters": 758,
    "n_words": 132
}