{
    "gt": "/home/cnd/tmp/dev/ocr_eval_paper/impact/00046942.gt.xml",
    "ocr": "/home/cnd/tmp/dev/ocr_eval_paper/impact/00046942.gt4hist.xml",

    "cer": 0.07049180327868852,
    "wer": 0.16981132075471697,

    "n_characters": 610,
    "n_words": 106
}