{
    "gt": "/home/cnd/tmp/dev/ocr_eval_paper/impact/00046914.gt.xml",
    "ocr": "/home/cnd/tmp/dev/ocr_eval_paper/impact/00046914.gt4hist.xml",

    "cer": 0.04153686396677051,
    "wer": 0.13496932515337423,

    "n_characters": 963,
    "n_words": 163
}