{
    "gt": "/home/cnd/tmp/dev/ocr_eval_paper/impact/00046956.gt.xml",
    "ocr": "/home/cnd/tmp/dev/ocr_eval_paper/impact/00046956.gt4hist.xml",

    "cer": 0.036855036855036855,
    "wer": 0.07092198581560284,

    "n_characters": 814,
    "n_words": 141
}