{
    "gt": "/home/cnd/tmp/dev/ocr_eval_paper/impact/00046897.gt.xml",
    "ocr": "/home/cnd/tmp/dev/ocr_eval_paper/impact/00046897.gt4hist.xml",

    "cer": 0.05432937181663837,
    "wer": 0.0989010989010989,

    "n_characters": 589,
    "n_words": 91
}