{
    "gt": "/home/cnd/tmp/dev/ocr_eval_paper/impact/00046983.gt.xml",
    "ocr": "/home/cnd/tmp/dev/ocr_eval_paper/impact/00046983.gt4hist.xml",

    "cer": 0.028183716075156576,
    "wer": 0.07407407407407407,

    "n_characters": 958,
    "n_words": 162
}