{
    "gt": "/home/cnd/tmp/dev/ocr_eval_paper/impact/00046973.gt.xml",
    "ocr": "/home/cnd/tmp/dev/ocr_eval_paper/impact/00046973.deu.xml",

    "cer": 0.06867845993756504,
    "wer": 0.21656050955414013,

    "n_characters": 961,
    "n_words": 157
}