{
    "gt": "/home/cnd/tmp/dev/ocr_eval_paper/impact/00046930.gt.xml",
    "ocr": "/home/cnd/tmp/dev/ocr_eval_paper/impact/00046930.gt4hist.xml",

    "cer": 0.02057142857142857,
    "wer": 0.07142857142857142,

    "n_characters": 875,
    "n_words": 140
}