{
    "gt": "/home/cnd/tmp/dev/ocr_eval_paper/impact/00046941.gt.xml",
    "ocr": "/home/cnd/tmp/dev/ocr_eval_paper/impact/00046941.deu.xml",

    "cer": 0.1134020618556701,
    "wer": 0.4025157232704403,

    "n_characters": 970,
    "n_words": 159
}