{
    "gt": "/home/cnd/tmp/dev/ocr_eval_paper/impact/00046994.gt.xml",
    "ocr": "/home/cnd/tmp/dev/ocr_eval_paper/impact/00046994.deu.xml",

    "cer": 0.07709750566893424,
    "wer": 0.2925170068027211,

    "n_characters": 882,
    "n_words": 147
}