{
    "gt": "/home/cnd/tmp/dev/ocr_eval_paper/impact/00046968.gt.xml",
    "ocr": "/home/cnd/tmp/dev/ocr_eval_paper/impact/00046968.deu.xml",

    "cer": 0.05855338691159587,
    "wer": 0.20714285714285716,

    "n_characters": 871,
    "n_words": 140
}