{
    "gt": "/home/cnd/tmp/dev/ocr_eval_paper/impact/00046917.gt.xml",
    "ocr": "/home/cnd/tmp/dev/ocr_eval_paper/impact/00046917.gt4hist.xml",

    "cer": 0.020169851380042462,
    "wer": 0.06993006993006994,

    "n_characters": 942,
    "n_words": 143
}