{
    "gt": "/home/cnd/tmp/dev/ocr_eval_paper/impact/00046937.gt.xml",
    "ocr": "/home/cnd/tmp/dev/ocr_eval_paper/impact/00046937.deu.xml",

    "cer": 0.08725602755453502,
    "wer": 0.2986111111111111,

    "n_characters": 871,
    "n_words": 144
}