{
    "gt": "/home/cnd/tmp/dev/ocr_eval_paper/impact/00046899.gt.xml",
    "ocr": "/home/cnd/tmp/dev/ocr_eval_paper/impact/00046899.gt4hist.xml",

    "cer": 0.04195804195804196,
    "wer": 0.11764705882352941,

    "n_characters": 572,
    "n_words": 85
}