{
    "gt": "/home/cnd/tmp/dev/ocr_eval_paper/impact/00046969.gt.xml",
    "ocr": "/home/cnd/tmp/dev/ocr_eval_paper/impact/00046969.deu.xml",

    "cer": 0.08630609896432681,
    "wer": 0.3028169014084507,

    "n_characters": 869,
    "n_words": 142
}