{
    "gt": "/home/cnd/tmp/dev/ocr_eval_paper/impact/00046979.gt.xml",
    "ocr": "/home/cnd/tmp/dev/ocr_eval_paper/impact/00046979.gt4hist.xml",

    "cer": 0.04565217391304348,
    "wer": 0.15436241610738255,

    "n_characters": 920,
    "n_words": 149
}