{
    "gt": "/home/cnd/tmp/dev/ocr_eval_paper/impact/00046943.gt.xml",
    "ocr": "/home/cnd/tmp/dev/ocr_eval_paper/impact/00046943.gt4hist.xml",

    "cer": 0.056666666666666664,
    "wer": 0.16831683168316833,

    "n_characters": 600,
    "n_words": 101
}