{
    "gt": "/home/cnd/tmp/dev/ocr_eval_paper/impact/00046899.gt.xml",
    "ocr": "/home/cnd/tmp/dev/ocr_eval_paper/impact/00046899.deu.xml",

    "cer": 0.07692307692307693,
    "wer": 0.24705882352941178,

    "n_characters": 572,
    "n_words": 85
}