{
    "gt": "/home/cnd/tmp/dev/ocr_eval_paper/impact/00046987.gt.xml",
    "ocr": "/home/cnd/tmp/dev/ocr_eval_paper/impact/00046987.deu.xml",

    "cer": 0.10404624277456648,
    "wer": 0.2898550724637681,

    "n_characters": 865,
    "n_words": 138
}