{
    "gt": "/home/cnd/tmp/dev/ocr_eval_paper/impact/00046944.gt.xml",
    "ocr": "/home/cnd/tmp/dev/ocr_eval_paper/impact/00046944.deu.xml",

    "cer": 0.06060606060606061,
    "wer": 0.2108843537414966,

    "n_characters": 924,
    "n_words": 147
}