{
    "gt": "/home/cnd/tmp/dev/ocr_eval_paper/impact/00046970.gt.xml",
    "ocr": "/home/cnd/tmp/dev/ocr_eval_paper/impact/00046970.deu.xml",

    "cer": 0.08899876390605686,
    "wer": 0.25547445255474455,

    "n_characters": 809,
    "n_words": 137
}