{
    "gt": "/home/cnd/tmp/dev/ocr_eval_paper/impact/00046959.gt.xml",
    "ocr": "/home/cnd/tmp/dev/ocr_eval_paper/impact/00046959.gt4hist.xml",

    "cer": 0.038018433179723504,
    "wer": 0.14093959731543623,

    "n_characters": 868,
    "n_words": 149
}