{
    "gt": "/home/cnd/tmp/dev/ocr_eval_paper/impact/00046975.gt.xml",
    "ocr": "/home/cnd/tmp/dev/ocr_eval_paper/impact/00046975.deu.xml",

    "cer": 0.09137055837563451,
    "wer": 0.3170731707317073,

    "n_characters": 788,
    "n_words": 123
}