{
    "gt": "/home/cnd/tmp/dev/ocr_eval_paper/impact/00046931.gt.xml",
    "ocr": "/home/cnd/tmp/dev/ocr_eval_paper/impact/00046931.gt4hist.xml",

    "cer": 0.026737967914438502,
    "wer": 0.0821917808219178,

    "n_characters": 935,
    "n_words": 146
}