{
    "gt": "/home/cnd/tmp/dev/ocr_eval_paper/impact/00046961.gt.xml",
    "ocr": "/home/cnd/tmp/dev/ocr_eval_paper/impact/00046961.deu.xml",

    "cer": 0.07207207207207207,
    "wer": 0.2185430463576159,

    "n_characters": 888,
    "n_words": 151
}