{
    "gt": "/home/cnd/tmp/dev/ocr_eval_paper/impact/00046997.gt.xml",
    "ocr": "/home/cnd/tmp/dev/ocr_eval_paper/impact/00046997.gt4hist.xml",

    "cer": 0.054878048780487805,
    "wer": 0.1360544217687075,

    "n_characters": 820,
    "n_words": 147
}