{
    "gt": "/home/cnd/tmp/dev/ocr_eval_paper/impact/00046910.gt.xml",
    "ocr": "/home/cnd/tmp/dev/ocr_eval_paper/impact/00046910.deu.xml",

    "cer": 0.07841140529531568,
    "wer": 0.2392638036809816,

    "n_characters": 982,
    "n_words": 163
}