{
    "gt": "/home/cnd/tmp/dev/ocr_eval_paper/impact/00046897.gt.xml",
    "ocr": "/home/cnd/tmp/dev/ocr_eval_paper/impact/00046897.deu.xml",

    "cer": 0.11375212224108659,
    "wer": 0.32967032967032966,

    "n_characters": 589,
    "n_words": 91
}