{
    "gt": "/home/cnd/tmp/dev/ocr_eval_paper/impact/00046976.gt.xml",
    "ocr": "/home/cnd/tmp/dev/ocr_eval_paper/impact/00046976.gt4hist.xml",

    "cer": 0.029258098223615466,
    "wer": 0.07272727272727272,

    "n_characters": 957,
    "n_words": 165
}