{
    "gt": "/home/cnd/tmp/dev/ocr_eval_paper/impact/00046910.gt.xml",
    "ocr": "/home/cnd/tmp/dev/ocr_eval_paper/impact/00046910.gt4hist.xml",

    "cer": 0.04175152749490835,
    "wer": 0.0736196319018405,

    "n_characters": 982,
    "n_words": 163
}