{
    "gt": "/home/cnd/tmp/dev/ocr_eval_paper/impact/00046915.gt.xml",
    "ocr": "/home/cnd/tmp/dev/ocr_eval_paper/impact/00046915.deu.xml",

    "cer": 0.1288546255506608,
    "wer": 0.3974358974358974,

    "n_characters": 908,
    "n_words": 156
}