{
    "gt": "/home/cnd/tmp/dev/ocr_eval_paper/impact/00046929.gt.xml",
    "ocr": "/home/cnd/tmp/dev/ocr_eval_paper/impact/00046929.gt4hist.xml",

    "cer": 0.02735229759299781,
    "wer": 0.09740259740259741,

    "n_characters": 914,
    "n_words": 154
}