{
    "gt": "/home/cnd/tmp/dev/ocr_eval_paper/impact/00047001.gt.xml",
    "ocr": "/home/cnd/tmp/dev/ocr_eval_paper/impact/00047001.deu.xml",

    "cer": 0.10196078431372549,
    "wer": 0.28735632183908044,

    "n_characters": 510,
    "n_words": 87
}