{
    "gt": "/home/cnd/tmp/dev/ocr_eval_paper/impact/00046965.gt.xml",
    "ocr": "/home/cnd/tmp/dev/ocr_eval_paper/impact/00046965.gt4hist.xml",

    "cer": 0.03829787234042553,
    "wer": 0.16891891891891891,

    "n_characters": 940,
    "n_words": 148
}