{
    "gt": "/home/cnd/tmp/dev/ocr_eval_paper/impact/00046955.gt.xml",
    "ocr": "/home/cnd/tmp/dev/ocr_eval_paper/impact/00046955.deu.xml",

    "cer": 0.057672502574665295,
    "wer": 0.2064516129032258,

    "n_characters": 971,
    "n_words": 155
}