{
    "gt": "/home/cnd/tmp/dev/ocr_eval_paper/impact/00046952.gt.xml",
    "ocr": "/home/cnd/tmp/dev/ocr_eval_paper/impact/00046952.gt4hist.xml",

    "cer": 0.06779661016949153,
    "wer": 0.17424242424242425,

    "n_characters": 826,
    "n_words": 132
}