{
    "gt": "/home/cnd/tmp/dev/ocr_eval_paper/impact/00046991.gt.xml",
    "ocr": "/home/cnd/tmp/dev/ocr_eval_paper/impact/00046991.deu.xml",

    "cer": 0.05851619644723093,
    "wer": 0.22424242424242424,

    "n_characters": 957,
    "n_words": 165
}