{
    "gt": "/home/cnd/tmp/dev/ocr_eval_paper/impact/00046907.gt.xml",
    "ocr": "/home/cnd/tmp/dev/ocr_eval_paper/impact/00046907.deu.xml",

    "cer": 0.09109947643979058,
    "wer": 0.3167701863354037,

    "n_characters": 955,
    "n_words": 161
}