{
    "gt": "/home/cnd/tmp/dev/ocr_eval_paper/impact/00046999.gt.xml",
    "ocr": "/home/cnd/tmp/dev/ocr_eval_paper/impact/00046999.gt4hist.xml",

    "cer": 0.023307436182019976,
    "wer": 0.07092198581560284,

    "n_characters": 901,
    "n_words": 141
}