{
    "gt": "/home/cnd/tmp/dev/ocr_eval_paper/impact/00046951.gt.xml",
    "ocr": "/home/cnd/tmp/dev/ocr_eval_paper/impact/00046951.deu.xml",

    "cer": 0.06050955414012739,
    "wer": 0.1830065359477124,

    "n_characters": 942,
    "n_words": 153
}