{
    "gt": "/home/cnd/tmp/dev/ocr_eval_paper/impact/00046971.gt.xml",
    "ocr": "/home/cnd/tmp/dev/ocr_eval_paper/impact/00046971.deu.xml",

    "cer": 0.16844349680170576,
    "wer": 0.3225806451612903,

    "n_characters": 938,
    "n_words": 155
}