{
    "gt": "/home/cnd/tmp/dev/ocr_eval_paper/impact/00046908.gt.xml",
    "ocr": "/home/cnd/tmp/dev/ocr_eval_paper/impact/00046908.gt4hist.xml",

    "cer": 0.06475583864118896,
    "wer": 0.17391304347826086,

    "n_characters": 942,
    "n_words": 161
}