{
    "gt": "/home/cnd/tmp/dev/ocr_eval_paper/impact/00046982.gt.xml",
    "ocr": "/home/cnd/tmp/dev/ocr_eval_paper/impact/00046982.gt4hist.xml",

    "cer": 0.024134312696747113,
    "wer": 0.05732484076433121,

    "n_characters": 953,
    "n_words": 157
}