{
    "gt": "/home/cnd/tmp/dev/ocr_eval_paper/impact/00046924.gt.xml",
    "ocr": "/home/cnd/tmp/dev/ocr_eval_paper/impact/00046924.deu.xml",

    "cer": 0.07290233837689133,
    "wer": 0.2782608695652174,

    "n_characters": 727,
    "n_words": 115
}