{
    "gt": "/home/cnd/tmp/dev/ocr_eval_paper/impact/00046936.gt.xml",
    "ocr": "/home/cnd/tmp/dev/ocr_eval_paper/impact/00046936.gt4hist.xml",

    "cer": 0.058682634730538925,
    "wer": 0.16666666666666666,

    "n_characters": 835,
    "n_words": 138
}