{
    "gt": "/home/cnd/tmp/dev/ocr_eval_paper/impact/00046989.gt.xml",
    "ocr": "/home/cnd/tmp/dev/ocr_eval_paper/impact/00046989.deu.xml",

    "cer": 0.12484237074401008,
    "wer": 0.3858267716535433,

    "n_characters": 793,
    "n_words": 127
}