{
    "gt": "/home/cnd/tmp/dev/ocr_eval_paper/impact/00046947.gt.xml",
    "ocr": "/home/cnd/tmp/dev/ocr_eval_paper/impact/00046947.deu.xml",

    "cer": 0.08507462686567165,
    "wer": 0.2288135593220339,

    "n_characters": 670,
    "n_words": 118
}