{
    "gt": "/home/cnd/tmp/dev/ocr_eval_paper/impact/00046970.gt.xml",
    "ocr": "/home/cnd/tmp/dev/ocr_eval_paper/impact/00046970.gt4hist.xml",

    "cer": 0.030902348578491966,
    "wer": 0.072992700729927,

    "n_characters": 809,
    "n_words": 137
}