{
    "gt": "/home/cnd/tmp/dev/ocr_eval_paper/impact/00046934.gt.xml",
    "ocr": "/home/cnd/tmp/dev/ocr_eval_paper/impact/00046934.gt4hist.xml",

    "cer": 0.04491017964071856,
    "wer": 0.09580838323353294,

    "n_characters": 1002,
    "n_words": 167
}