{
    "gt": "/home/cnd/tmp/dev/ocr_eval_paper/impact/00046896.gt.xml",
    "ocr": "/home/cnd/tmp/dev/ocr_eval_paper/impact/00046896.deu.xml",

    "cer": 0.10543130990415335,
    "wer": 0.4065934065934066,

    "n_characters": 626,
    "n_words": 91
}