{
    "gt": "/home/cnd/tmp/dev/ocr_eval_paper/impact/00046907.gt.xml",
    "ocr": "/home/cnd/tmp/dev/ocr_eval_paper/impact/00046907.gt4hist.xml",

    "cer": 0.02931937172774869,
    "wer": 0.055900621118012424,

    "n_characters": 955,
    "n_words": 161
}