{
    "gt": "/home/cnd/tmp/dev/ocr_eval_paper/impact/00046926.gt.xml",
    "ocr": "/home/cnd/tmp/dev/ocr_eval_paper/impact/00046926.deu.xml",

    "cer": 0.07403189066059225,
    "wer": 0.22297297297297297,

    "n_characters": 878,
    "n_words": 148
}