{
    "gt": "/home/cnd/tmp/dev/ocr_eval_paper/impact/00046915.gt.xml",
    "ocr": "/home/cnd/tmp/dev/ocr_eval_paper/impact/00046915.gt4hist.xml",

    "cer": 0.05066079295154185,
    "wer": 0.16666666666666666,

    "n_characters": 908,
    "n_words": 156
}