{
    "gt": "/home/cnd/tmp/dev/ocr_eval_paper/impact/00046901.gt.xml",
    "ocr": "/home/cnd/tmp/dev/ocr_eval_paper/impact/00046901.deu.xml",

    "cer": 0.1256637168141593,
    "wer": 0.40816326530612246,

    "n_characters": 565,
    "n_words": 98
}