{
    "gt": "/home/cnd/tmp/dev/ocr_eval_paper/impact/00046958.gt.xml",
    "ocr": "/home/cnd/tmp/dev/ocr_eval_paper/impact/00046958.deu.xml",

    "cer": 0.0748792270531401,
    "wer": 0.2589928057553957,

    "n_characters": 828,
    "n_words": 139
}