{
    "gt": "/home/cnd/tmp/dev/ocr_eval_paper/impact/00046968.gt.xml",
    "ocr": "/home/cnd/tmp/dev/ocr_eval_paper/impact/00046968.gt4hist.xml",

    "cer": 0.02870264064293915,
    "wer": 0.07857142857142857,

    "n_characters": 871,
    "n_words": 140
}