{
    "gt": "/home/cnd/tmp/dev/ocr_eval_paper/impact/00046992.gt.xml",
    "ocr": "/home/cnd/tmp/dev/ocr_eval_paper/impact/00046992.gt4hist.xml",

    "cer": 0.032569360675512665,
    "wer": 0.08955223880597014,

    "n_characters": 829,
    "n_words": 134
}