{
    "gt": "/home/cnd/tmp/dev/ocr_eval_paper/impact/00046975.gt.xml",
    "ocr": "/home/cnd/tmp/dev/ocr_eval_paper/impact/00046975.gt4hist.xml",

    "cer": 0.04060913705583756,
    "wer": 0.13008130081300814,

    "n_characters": 788,
    "n_words": 123
}