{
    "gt": "/home/cnd/tmp/dev/ocr_eval_paper/impact/00047000.gt.xml",
    "ocr": "/home/cnd/tmp/dev/ocr_eval_paper/impact/00047000.gt4hist.xml",

    "cer": 0.020765027322404372,
    "wer": 0.026143790849673203,

    "n_characters": 915,
    "n_words": 153
}