{
    "gt": "/home/cnd/tmp/dev/ocr_eval_paper/impact/00046985.gt.xml",
    "ocr": "/home/cnd/tmp/dev/ocr_eval_paper/impact/00046985.gt4hist.xml",

    "cer": 0.08281829419035847,
    "wer": 0.26119402985074625,

    "n_characters": 809,
    "n_words": 134
}