{
    "gt": "/home/cnd/tmp/dev/ocr_eval_paper/impact/00046938.gt.xml",
    "ocr": "/home/cnd/tmp/dev/ocr_eval_paper/impact/00046938.deu.xml",

    "cer": 0.08069458631256383,
    "wer": 0.23837209302325582,

    "n_characters": 979,
    "n_words": 172
}