{
    "gt": "/home/cnd/tmp/dev/ocr_eval_paper/impact/00046949.gt.xml",
    "ocr": "/home/cnd/tmp/dev/ocr_eval_paper/impact/00046949.deu.xml",

    "cer": 0.05699481865284974,
    "wer": 0.24528301886792453,

    "n_characters": 965,
    "n_words": 159
}