{
    "gt": "/home/cnd/tmp/dev/ocr_eval_paper/impact/00046919.gt.xml",
    "ocr": "/home/cnd/tmp/dev/ocr_eval_paper/impact/00046919.gt4hist.xml",

    "cer": 0.06420021762785637,
    "wer": 0.1568627450980392,

    "n_characters": 919,
    "n_words": 153
}