{
    "gt": "/home/cnd/tmp/dev/ocr_eval_paper/impact/00046999.gt.xml",
    "ocr": "/home/cnd/tmp/dev/ocr_eval_paper/impact/00046999.deu.xml",

    "cer": 0.06881243063263041,
    "wer": 0.28368794326241137,

    "n_characters": 901,
    "n_words": 141
}