{
    "gt": "/home/cnd/tmp/dev/ocr_eval_paper/impact/00046933.gt.xml",
    "ocr": "/home/cnd/tmp/dev/ocr_eval_paper/impact/00046933.deu.xml",

    "cer": 0.07806691449814127,
    "wer": 0.2926829268292683,

    "n_characters": 807,
    "n_words": 123
}