{
    "gt": "/home/cnd/tmp/dev/ocr_eval_paper/impact/00046920.gt.xml",
    "ocr": "/home/cnd/tmp/dev/ocr_eval_paper/impact/00046920.deu.xml",

    "cer": 0.08624454148471616,
    "wer": 0.28289473684210525,

    "n_characters": 916,
    "n_words": 152
}