{
    "gt": "/home/cnd/tmp/dev/ocr_eval_paper/impact/00046946.gt.xml",
    "ocr": "/home/cnd/tmp/dev/ocr_eval_paper/impact/00046946.deu.xml",

    "cer": 0.05096262740656852,
    "wer": 0.18493150684931506,

    "n_characters": 883,
    "n_words": 146
}