{
    "gt": "/home/cnd/tmp/dev/ocr_eval_paper/impact/00046963.gt.xml",
    "ocr": "/home/cnd/tmp/dev/ocr_eval_paper/impact/00046963.deu.xml",

    "cer": 0.08207343412526998,
    "wer": 0.2679738562091503,

    "n_characters": 926,
    "n_words": 153
}