{
    "gt": "/home/cnd/tmp/dev/ocr_eval_paper/impact/00046992.gt.xml",
    "ocr": "/home/cnd/tmp/dev/ocr_eval_paper/impact/00046992.deu.xml",

    "cer": 0.06272617611580217,
    "wer": 0.21641791044776118,

    "n_characters": 829,
    "n_words": 134
}