{
    "gt": "/home/cnd/tmp/dev/ocr_eval_paper/impact/00046905.gt.xml",
    "ocr": "/home/cnd/tmp/dev/ocr_eval_paper/impact/00046905.deu.xml",

    "cer": 0.1456953642384106,
    "wer": 0.38461538461538464,

    "n_characters": 302,
    "n_words": 52
}