{
    "gt": "/home/cnd/tmp/dev/ocr_eval_paper/impact/00046984.gt.xml",
    "ocr": "/home/cnd/tmp/dev/ocr_eval_paper/impact/00046984.gt4hist.xml",

    "cer": 0.04105263157894737,
    "wer": 0.08074534161490683,

    "n_characters": 950,
    "n_words": 161
}