{
    "gt": "/home/cnd/tmp/dev/ocr_eval_paper/impact/00046911.gt.xml",
    "ocr": "/home/cnd/tmp/dev/ocr_eval_paper/impact/00046911.gt4hist.xml",

    "cer": 0.034934497816593885,
    "wer": 0.07547169811320754,

    "n_characters": 916,
    "n_words": 159
}