{
    "gt": "/home/cnd/tmp/dev/ocr_eval_paper/impact/00047001.gt.xml",
    "ocr": "/home/cnd/tmp/dev/ocr_eval_paper/impact/00047001.gt4hist.xml",

    "cer": 0.0392156862745098,
    "wer": 0.08045977011494253,

    "n_characters": 510,
    "n_words": 87
}