{
    "gt": "/home/cnd/tmp/dev/ocr_eval_paper/impact/00046902.gt.xml",
    "ocr": "/home/cnd/tmp/dev/ocr_eval_paper/impact/00046902.gt4hist.xml",

    "cer": 0.05351170568561873,
    "wer": 0.06060606060606061,

    "n_characters": 598,
    "n_words": 99
}