{
    "gt": "/home/cnd/tmp/dev/ocr_eval_paper/impact/00046974.gt.xml",
    "ocr": "/home/cnd/tmp/dev/ocr_eval_paper/impact/00046974.deu.xml",

    "cer": 0.07593457943925233,
    "wer": 0.22377622377622378,

    "n_characters": 856,
    "n_words": 143
}