{
    "gt": "/home/cnd/tmp/dev/ocr_eval_paper/impact/00046936.gt.xml",
    "ocr": "/home/cnd/tmp/dev/ocr_eval_paper/impact/00046936.deu.xml",

    "cer": 0.07664670658682635,
    "wer": 0.21739130434782608,

    "n_characters": 835,
    "n_words": 138
}