{
    "gt": "/home/cnd/tmp/dev/ocr_eval_paper/impact/00046957.gt.xml",
    "ocr": "/home/cnd/tmp/dev/ocr_eval_paper/impact/00046957.gt4hist.xml",

    "cer": 0.04352557127312296,
    "wer": 0.1509433962264151,

    "n_characters": 919,
    "n_words": 159
}