{
    "gt": "/home/cnd/tmp/dev/ocr_eval_paper/impact/00046962.gt.xml",
    "ocr": "/home/cnd/tmp/dev/ocr_eval_paper/impact/00046962.deu.xml",

    "cer": 0.0713489409141583,
    "wer": 0.2483221476510067,

    "n_characters": 897,
    "n_words": 149
}