{
    "gt": "/home/cnd/tmp/dev/ocr_eval_paper/impact/00046950.gt.xml",
    "ocr": "/home/cnd/tmp/dev/ocr_eval_paper/impact/00046950.deu.xml",

    "cer": 0.05214723926380368,
    "wer": 0.1411764705882353,

    "n_characters": 978,
    "n_words": 170
}