{
    "gt": "/home/cnd/tmp/dev/ocr_eval_paper/impact/00046967.gt.xml",
    "ocr": "/home/cnd/tmp/dev/ocr_eval_paper/impact/00046967.gt4hist.xml",

    "cer": 0.0430622009569378,
    "wer": 0.12949640287769784,

    "n_characters": 836,
    "n_words": 139
}