{
    "gt": "/home/cnd/tmp/dev/ocr_eval_paper/impact/00046960.gt.xml",
    "ocr": "/home/cnd/tmp/dev/ocr_eval_paper/impact/00046960.deu.xml",

    "cer": 0.05507955936352509,
    "wer": 0.18840579710144928,

    "n_characters": 817,
    "n_words": 138
}