{
    "gt": "/home/cnd/tmp/dev/ocr_eval_paper/impact/00047000.gt.xml",
    "ocr": "/home/cnd/tmp/dev/ocr_eval_paper/impact/00047000.deu.xml",

    "cer": 0.06775956284153005,
    "wer": 0.17647058823529413,

    "n_characters": 915,
    "n_words": 153
}