{
    "gt": "/home/cnd/tmp/dev/ocr_eval_paper/impact/00046938.gt.xml",
    "ocr": "/home/cnd/tmp/dev/ocr_eval_paper/impact/00046938.gt4hist.xml",

    "cer": 0.03881511746680286,
    "wer": 0.09883720930232558,

    "n_characters": 979,
    "n_words": 172
}