{
    "gt": "/home/cnd/tmp/dev/ocr_eval_paper/impact/00046928.gt.xml",
    "ocr": "/home/cnd/tmp/dev/ocr_eval_paper/impact/00046928.gt4hist.xml",

    "cer": 0.035211267605633804,
    "wer": 0.09183673469387756,

    "n_characters": 568,
    "n_words": 98
}