{
    "gt": "/home/cnd/tmp/dev/ocr_eval_paper/impact/00046996.gt.xml",
    "ocr": "/home/cnd/tmp/dev/ocr_eval_paper/impact/00046996.deu.xml",

    "cer": 0.07455012853470437,
    "wer": 0.25196850393700787,

    "n_characters": 778,
    "n_words": 127
}