{
    "gt": "/home/cnd/tmp/dev/ocr_eval_paper/impact/00046974.gt.xml",
    "ocr": "/home/cnd/tmp/dev/ocr_eval_paper/impact/00046974.gt4hist.xml",

    "cer": 0.028037383177570093,
    "wer": 0.1048951048951049,

    "n_characters": 856,
    "n_words": 143
}