{
    "gt": "/home/cnd/tmp/dev/ocr_eval_paper/impact/00046947.gt.xml",
    "ocr": "/home/cnd/tmp/dev/ocr_eval_paper/impact/00046947.gt4hist.xml",

    "cer": 0.034328358208955224,
    "wer": 0.1016949152542373,

    "n_characters": 670,
    "n_words": 118
}