{
    "gt": "/home/cnd/tmp/dev/ocr_eval_paper/impact/00046969.gt.xml",
    "ocr": "/home/cnd/tmp/dev/ocr_eval_paper/impact/00046969.gt4hist.xml",

    "cer": 0.024165707710011506,
    "wer": 0.08450704225352113,

    "n_characters": 869,
    "n_words": 142
}