{
    "gt": "/home/cnd/tmp/dev/ocr_eval_paper/impact/00046902.gt.xml",
    "ocr": "/home/cnd/tmp/dev/ocr_eval_paper/impact/00046902.deu.xml",

    "cer": 0.12876254180602006,
    "wer": 0.3333333333333333,

    "n_characters": 598,
    "n_words": 99
}