{
    "gt": "/home/cnd/tmp/dev/ocr_eval_paper/impact/00046916.gt.xml",
    "ocr": "/home/cnd/tmp/dev/ocr_eval_paper/impact/00046916.gt4hist.xml",

    "cer": 0.02591792656587473,
    "wer": 0.08275862068965517,

    "n_characters": 926,
    "n_words": 145
}