{
    "gt": "/home/cnd/tmp/dev/ocr_eval_paper/impact/00046922.gt.xml",
    "ocr": "/home/cnd/tmp/dev/ocr_eval_paper/impact/00046922.gt4hist.xml",

    "cer": 0.12078346028291621,
    "wer": 0.3184713375796178,

    "n_characters": 919,
    "n_words": 157
}