{
    "gt": "/home/cnd/tmp/dev/ocr_eval_paper/impact/00046903.gt.xml",
    "ocr": "/home/cnd/tmp/dev/ocr_eval_paper/impact/00046903.gt4hist.xml",

    "cer": 0.09090909090909091,
    "wer": 0.12962962962962962,

    "n_characters": 330,
    "n_words": 54
}