{
    "gt": "/home/cnd/tmp/dev/ocr_eval_paper/impact/00046926.gt.xml",
    "ocr": "/home/cnd/tmp/dev/ocr_eval_paper/impact/00046926.gt4hist.xml",

    "cer": 0.025056947608200455,
    "wer": 0.060810810810810814,

    "n_characters": 878,
    "n_words": 148
}