{
    "gt": "/home/cnd/tmp/dev/ocr_eval_paper/impact/00046945.gt.xml",
    "ocr": "/home/cnd/tmp/dev/ocr_eval_paper/impact/00046945.gt4hist.xml",

    "cer": 0.015337423312883436,
    "wer": 0.05521472392638037,

    "n_characters": 978,
    "n_words": 163
}