{
    "gt": "/home/cnd/tmp/dev/ocr_eval_paper/impact/00046978.gt.xml",
    "ocr": "/home/cnd/tmp/dev/ocr_eval_paper/impact/00046978.gt4hist.xml",

    "cer": 0.031880977683315624,
    "wer": 0.10493827160493827,

    "n_characters": 941,
    "n_words": 162
}