{
    "gt": "/home/cnd/tmp/dev/ocr_eval_paper/impact/00310010.gt.xml",
    "ocr": "/home/cnd/tmp/dev/ocr_eval_paper/impact/00310010.gt4hist.xml",

    "cer": 0.3047735618115055,
    "wer": 0.46938775510204084,

    "n_characters": 817,
    "n_words": 147
}