{
    "gt": "/home/cnd/tmp/dev/ocr_eval_paper/impact/00310010.gt.xml",
    "ocr": "/home/cnd/tmp/dev/ocr_eval_paper/impact/00310010.eng.xml",

    "cer": 0.31211750305997554,
    "wer": 0.4489795918367347,

    "n_characters": 817,
    "n_words": 147
}