{
    "gt": "/home/cnd/tmp/dev/ocr_eval_paper/impact/00451931.gt.xml",
    "ocr": "/home/cnd/tmp/dev/ocr_eval_paper/impact/00451931.fra.xml",

    "cer": 0.12286689419795221,
    "wer": 0.4959677419354839,

    "n_characters": 1465,
    "n_words": 248
}