{
    "gt": "/home/cnd/tmp/dev/ocr_eval_paper/impact/00451897.gt.xml",
    "ocr": "/home/cnd/tmp/dev/ocr_eval_paper/impact/00451897.fra.xml",

    "cer": 0.13284132841328414,
    "wer": 0.4105691056910569,

    "n_characters": 1355,
    "n_words": 246
}