{
    "gt": "/home/cnd/tmp/dev/ocr_eval_paper/impact/00451925.gt.xml",
    "ocr": "/home/cnd/tmp/dev/ocr_eval_paper/impact/00451925.fra.xml",

    "cer": 0.2714285714285714,
    "wer": 0.46938775510204084,

    "n_characters": 560,
    "n_words": 98
}