{
    "gt": "/home/cnd/tmp/dev/ocr_eval_paper/impact/00451906.gt.xml",
    "ocr": "/home/cnd/tmp/dev/ocr_eval_paper/impact/00451906.gt4hist.xml",

    "cer": 0.06538461538461539,
    "wer": 0.17903930131004367,

    "n_characters": 1300,
    "n_words": 229
}