{
    "gt": "/home/cnd/tmp/dev/ocr_eval_paper/impact/00451940.gt.xml",
    "ocr": "/home/cnd/tmp/dev/ocr_eval_paper/impact/00451940.gt4hist.xml",

    "cer": 0.05854322668481961,
    "wer": 0.1825726141078838,

    "n_characters": 1469,
    "n_words": 241
}