{
    "gt": "/home/cnd/tmp/dev/ocr_eval_paper/impact/00451950.gt.xml",
    "ocr": "/home/cnd/tmp/dev/ocr_eval_paper/impact/00451950.fra.xml",

    "cer": 0.11307901907356949,
    "wer": 0.39166666666666666,

    "n_characters": 1468,
    "n_words": 240
}