{
    "gt": "/home/cnd/tmp/dev/ocr_eval_paper/impact/00451932.gt.xml",
    "ocr": "/home/cnd/tmp/dev/ocr_eval_paper/impact/00451932.gt4hist.xml",

    "cer": 0.0582010582010582,
    "wer": 0.13618677042801555,

    "n_characters": 1512,
    "n_words": 257
}