{
    "gt": "/home/cnd/tmp/dev/ocr_eval_paper/impact/00451883.gt.xml",
    "ocr": "/home/cnd/tmp/dev/ocr_eval_paper/impact/00451883.gt4hist.xml",

    "cer": 0.06841339155749636,
    "wer": 0.20346320346320346,

    "n_characters": 1374,
    "n_words": 231
}