{
    "gt": "/home/cnd/tmp/dev/ocr_eval_paper/impact/00451916.gt.xml",
    "ocr": "/home/cnd/tmp/dev/ocr_eval_paper/impact/00451916.fra.xml",

    "cer": 0.6176024279210925,
    "wer": 0.825531914893617,

    "n_characters": 1318,
    "n_words": 235
}