{
    "gt": "/home/cnd/tmp/dev/ocr_eval_paper/impact/00451931.gt.xml",
    "ocr": "/home/cnd/tmp/dev/ocr_eval_paper/impact/00451931.gt4hist.xml",

    "cer": 0.07372013651877134,
    "wer": 0.2217741935483871,

    "n_characters": 1465,
    "n_words": 248
}