{
    "gt": "/home/cnd/tmp/dev/ocr_eval_paper/impact/00451932.gt.xml",
    "ocr": "/home/cnd/tmp/dev/ocr_eval_paper/impact/00451932.fra.xml",

    "cer": 0.0958994708994709,
    "wer": 0.33852140077821014,

    "n_characters": 1512,
    "n_words": 257
}