{
    "gt": "/home/cnd/tmp/dev/ocr_eval_paper/impact/00451875.gt.xml",
    "ocr": "/home/cnd/tmp/dev/ocr_eval_paper/impact/00451875.gt4hist.xml",

    "cer": 0.13333333333333333,
    "wer": 0.32142857142857145,

    "n_characters": 345,
    "n_words": 56
}