{
    "gt": "/home/cnd/tmp/dev/ocr_eval_paper/impact/00451872.gt.xml",
    "ocr": "/home/cnd/tmp/dev/ocr_eval_paper/impact/00451872.fra.xml",

    "cer": 0.11845102505694761,
    "wer": 0.3938053097345133,

    "n_characters": 1317,
    "n_words": 226
}