{
    "gt": "/home/cnd/tmp/dev/ocr_eval_paper/impact/00451885.gt.xml",
    "ocr": "/home/cnd/tmp/dev/ocr_eval_paper/impact/00451885.fra.xml",

    "cer": 0.31869688385269124,
    "wer": 0.5813953488372093,

    "n_characters": 1412,
    "n_words": 258
}