{
    "gt": "/home/cnd/tmp/dev/ocr_eval_paper/impact/00451905.gt.xml",
    "ocr": "/home/cnd/tmp/dev/ocr_eval_paper/impact/00451905.fra.xml",

    "cer": 0.6104089219330855,
    "wer": 0.7634854771784232,

    "n_characters": 1345,
    "n_words": 241
}