{
    "gt": "/home/cnd/tmp/dev/ocr_eval_paper/impact/00451894.gt.xml",
    "ocr": "/home/cnd/tmp/dev/ocr_eval_paper/impact/00451894.gt4hist.xml",

    "cer": 0.2876404494382023,
    "wer": 0.43103448275862066,

    "n_characters": 1335,
    "n_words": 232
}