{
    "gt": "/home/cnd/tmp/dev/ocr_eval_paper/impact/00451953.gt.xml",
    "ocr": "/home/cnd/tmp/dev/ocr_eval_paper/impact/00451953.gt4hist.xml",

    "cer": 0.07547169811320754,
    "wer": 0.2077922077922078,

    "n_characters": 1431,
    "n_words": 231
}