{
    "gt": "/home/cnd/tmp/dev/ocr_eval_paper/impact/00451888.gt.xml",
    "ocr": "/home/cnd/tmp/dev/ocr_eval_paper/impact/00451888.fra.xml",

    "cer": 0.48140350877192983,
    "wer": 0.7354085603112841,

    "n_characters": 1425,
    "n_words": 257
}