{
    "gt": "/home/cnd/tmp/dev/ocr_eval_paper/impact/00451881.gt.xml",
    "ocr": "/home/cnd/tmp/dev/ocr_eval_paper/impact/00451881.gt4hist.xml",

    "cer": 0.07804568527918782,
    "wer": 0.23255813953488372,

    "n_characters": 1576,
    "n_words": 258
}