{
    "gt": "/home/cnd/tmp/dev/ocr_eval_paper/impact/00451891.gt.xml",
    "ocr": "/home/cnd/tmp/dev/ocr_eval_paper/impact/00451891.gt4hist.xml",

    "cer": 0.07341411261582323,
    "wer": 0.18828451882845187,

    "n_characters": 1403,
    "n_words": 239
}