{
    "gt": "/home/cnd/tmp/dev/ocr_eval_paper/impact/00451902.gt.xml",
    "ocr": "/home/cnd/tmp/dev/ocr_eval_paper/impact/00451902.gt4hist.xml",

    "cer": 0.2553191489361702,
    "wer": 0.4364406779661017,

    "n_characters": 1316,
    "n_words": 236
}