{
    "gt": "/home/cnd/tmp/dev/ocr_eval_paper/impact/00451910.gt.xml",
    "ocr": "/home/cnd/tmp/dev/ocr_eval_paper/impact/00451910.fra.xml",

    "cer": 0.09599395313681028,
    "wer": 0.3108108108108108,

    "n_characters": 1323,
    "n_words": 222
}