{
    "gt": "/home/cnd/tmp/dev/ocr_eval_paper/impact/00451890.gt.xml",
    "ocr": "/home/cnd/tmp/dev/ocr_eval_paper/impact/00451890.gt4hist.xml",

    "cer": 0.5665976535541752,
    "wer": 0.7567567567567568,

    "n_characters": 1449,
    "n_words": 259
}