{
    "gt": "/home/cnd/tmp/dev/ocr_eval_paper/impact/00451955.gt.xml",
    "ocr": "/home/cnd/tmp/dev/ocr_eval_paper/impact/00451955.fra.xml",

    "cer": 0.11720867208672087,
    "wer": 0.4074074074074074,

    "n_characters": 1476,
    "n_words": 243
}