{
    "gt": "/home/cnd/tmp/dev/ocr_eval_paper/impact/00451921.gt.xml",
    "ocr": "/home/cnd/tmp/dev/ocr_eval_paper/impact/00451921.fra.xml",

    "cer": 0.7566445182724253,
    "wer": 0.976303317535545,

    "n_characters": 1204,
    "n_words": 211
}