{
    "gt": "/home/cnd/tmp/dev/ocr_eval_paper/impact/00451957.gt.xml",
    "ocr": "/home/cnd/tmp/dev/ocr_eval_paper/impact/00451957.fra.xml",

    "cer": 0.09276177090653549,
    "wer": 0.31223628691983124,

    "n_characters": 1423,
    "n_words": 237
}