{
    "gt": "/home/cnd/tmp/dev/ocr_eval_paper/impact/00451877.gt.xml",
    "ocr": "/home/cnd/tmp/dev/ocr_eval_paper/impact/00451877.gt4hist.xml",

    "cer": 0.06486833654463713,
    "wer": 0.21052631578947367,

    "n_characters": 1557,
    "n_words": 247
}