{
    "gt": "/home/cnd/tmp/dev/ocr_eval_paper/impact/00451868.gt.xml",
    "ocr": "/home/cnd/tmp/dev/ocr_eval_paper/impact/00451868.gt4hist.xml",

    "cer": 0.31666666666666665,
    "wer": 0.7096774193548387,

    "n_characters": 360,
    "n_words": 62
}