{
    "gt": "/home/cnd/tmp/dev/ocr_eval_paper/impact/00451893.gt.xml",
    "ocr": "/home/cnd/tmp/dev/ocr_eval_paper/impact/00451893.fra.xml",

    "cer": 0.5554749818709209,
    "wer": 0.7272727272727273,

    "n_characters": 1379,
    "n_words": 253
}