{
    "gt": "/home/cnd/tmp/dev/ocr_eval_paper/impact/00451935.gt.xml",
    "ocr": "/home/cnd/tmp/dev/ocr_eval_paper/impact/00451935.fra.xml",

    "cer": 0.11896431070678797,
    "wer": 0.40816326530612246,

    "n_characters": 1429,
    "n_words": 245
}