{
    "gt": "/home/cnd/tmp/dev/ocr_eval_paper/impact/00451927.gt.xml",
    "ocr": "/home/cnd/tmp/dev/ocr_eval_paper/impact/00451927.gt4hist.xml",

    "cer": 0.08333333333333333,
    "wer": 0.2047244094488189,

    "n_characters": 1452,
    "n_words": 254
}