{
    "gt": "/home/cnd/tmp/dev/ocr_eval_paper/impact/00451954.gt.xml",
    "ocr": "/home/cnd/tmp/dev/ocr_eval_paper/impact/00451954.fra.xml",

    "cer": 0.10892480674631061,
    "wer": 0.36936936936936937,

    "n_characters": 1423,
    "n_words": 222
}