{
    "gt": "/home/cnd/tmp/dev/ocr_eval_paper/impact/00451963.gt.xml",
    "ocr": "/home/cnd/tmp/dev/ocr_eval_paper/impact/00451963.gt4hist.xml",

    "cer": 0.07607950651130911,
    "wer": 0.17446808510638298,

    "n_characters": 1459,
    "n_words": 235
}