{
    "gt": "/home/cnd/tmp/dev/ocr_eval_paper/impact/00451870.gt.xml",
    "ocr": "/home/cnd/tmp/dev/ocr_eval_paper/impact/00451870.gt4hist.xml",

    "cer": 0.41254125412541254,
    "wer": 0.660377358490566,

    "n_characters": 303,
    "n_words": 53
}