{
    "gt": "/home/cnd/tmp/dev/ocr_eval_paper/impact/00451908.gt.xml",
    "ocr": "/home/cnd/tmp/dev/ocr_eval_paper/impact/00451908.fra.xml",

    "cer": 0.3306744017403916,
    "wer": 0.5232067510548524,

    "n_characters": 1379,
    "n_words": 237
}