{
    "gt": "/home/cnd/tmp/dev/ocr_eval_paper/impact/00451879.gt.xml",
    "ocr": "/home/cnd/tmp/dev/ocr_eval_paper/impact/00451879.gt4hist.xml",

    "cer": 0.06486833654463713,
    "wer": 0.20647773279352227,

    "n_characters": 1557,
    "n_words": 247
}