{
    "gt": "/home/cnd/tmp/dev/ocr_eval_paper/impact/00451945.gt.xml",
    "ocr": "/home/cnd/tmp/dev/ocr_eval_paper/impact/00451945.gt4hist.xml",

    "cer": 0.08277254374158816,
    "wer": 0.21161825726141079,

    "n_characters": 1486,
    "n_words": 241
}