{
    "gt": "/home/cnd/tmp/dev/ocr_eval_paper/impact/00451880.gt.xml",
    "ocr": "/home/cnd/tmp/dev/ocr_eval_paper/impact/00451880.gt4hist.xml",

    "cer": 0.06876606683804627,
    "wer": 0.1821705426356589,

    "n_characters": 1556,
    "n_words": 258
}