{
    "gt": "/home/cnd/tmp/dev/ocr_eval_paper/impact/00451922.gt.xml",
    "ocr": "/home/cnd/tmp/dev/ocr_eval_paper/impact/00451922.gt4hist.xml",

    "cer": 0.18783783783783783,
    "wer": 0.4461538461538462,

    "n_characters": 740,
    "n_words": 130
}