{
    "gt": "/home/cnd/tmp/dev/ocr_eval_paper/impact/00451934.gt.xml",
    "ocr": "/home/cnd/tmp/dev/ocr_eval_paper/impact/00451934.fra.xml",

    "cer": 0.1094264996704021,
    "wer": 0.4107142857142857,

    "n_characters": 1517,
    "n_words": 280
}