{
    "gt": "/home/cnd/tmp/dev/ocr_eval_paper/impact/00451911.gt.xml",
    "ocr": "/home/cnd/tmp/dev/ocr_eval_paper/impact/00451911.fra.xml",

    "cer": 0.3465491923641703,
    "wer": 0.5726141078838174,

    "n_characters": 1362,
    "n_words": 241
}