{
    "gt": "/home/cnd/tmp/dev/ocr_eval_paper/impact/00451906.gt.xml",
    "ocr": "/home/cnd/tmp/dev/ocr_eval_paper/impact/00451906.fra.xml",

    "cer": 0.1346153846153846,
    "wer": 0.3799126637554585,

    "n_characters": 1300,
    "n_words": 229
}