{
    "gt": "/home/cnd/tmp/dev/ocr_eval_paper/impact/00451946.gt.xml",
    "ocr": "/home/cnd/tmp/dev/ocr_eval_paper/impact/00451946.fra.xml",

    "cer": 0.19164955509924708,
    "wer": 0.5042735042735043,

    "n_characters": 1461,
    "n_words": 234
}