{
    "gt": "/home/cnd/tmp/dev/ocr_eval_paper/impact/00451896.gt.xml",
    "ocr": "/home/cnd/tmp/dev/ocr_eval_paper/impact/00451896.gt4hist.xml",

    "cer": 0.16230366492146597,
    "wer": 0.32905982905982906,

    "n_characters": 1337,
    "n_words": 234
}