{
    "gt": "/home/cnd/tmp/dev/ocr_eval_paper/impact/00451942.gt.xml",
    "ocr": "/home/cnd/tmp/dev/ocr_eval_paper/impact/00451942.fra.xml",

    "cer": 0.10774410774410774,
    "wer": 0.3568627450980392,

    "n_characters": 1485,
    "n_words": 255
}