{
    "gt": "/home/cnd/tmp/dev/ocr_eval_paper/impact/00451892.gt.xml",
    "ocr": "/home/cnd/tmp/dev/ocr_eval_paper/impact/00451892.gt4hist.xml",

    "cer": 0.12151536812008577,
    "wer": 0.3346774193548387,

    "n_characters": 1399,
    "n_words": 248
}