{
    "gt": "/home/cnd/tmp/dev/ocr_eval_paper/impact/00451937.gt.xml",
    "ocr": "/home/cnd/tmp/dev/ocr_eval_paper/impact/00451937.fra.xml",

    "cer": 0.1184645929847783,
    "wer": 0.4418604651162791,

    "n_characters": 1511,
    "n_words": 258
}