{
    "gt": "/home/cnd/tmp/dev/ocr_eval_paper/impact/00451879.gt.xml",
    "ocr": "/home/cnd/tmp/dev/ocr_eval_paper/impact/00451879.fra.xml",

    "cer": 0.10468850353243417,
    "wer": 0.3643724696356275,

    "n_characters": 1557,
    "n_words": 247
}