{
    "gt": "/home/cnd/tmp/dev/ocr_eval_paper/impact/00451930.gt.xml",
    "ocr": "/home/cnd/tmp/dev/ocr_eval_paper/impact/00451930.gt4hist.xml",

    "cer": 0.07883522727272728,
    "wer": 0.16877637130801687,

    "n_characters": 1408,
    "n_words": 237
}