{
    "gt": "/home/cnd/tmp/dev/ocr_eval_paper/impact/00451949.gt.xml",
    "ocr": "/home/cnd/tmp/dev/ocr_eval_paper/impact/00451949.gt4hist.xml",

    "cer": 0.18311776718856365,
    "wer": 0.2948717948717949,

    "n_characters": 1469,
    "n_words": 234
}