{
    "gt": "/home/cnd/tmp/dev/ocr_eval_paper/impact/00451965.gt.xml",
    "ocr": "/home/cnd/tmp/dev/ocr_eval_paper/impact/00451965.fra.xml",

    "cer": 0.11440385940730531,
    "wer": 0.3795918367346939,

    "n_characters": 1451,
    "n_words": 245
}