{
    "gt": "/home/cnd/tmp/dev/ocr_eval_paper/impact/00451878.gt.xml",
    "ocr": "/home/cnd/tmp/dev/ocr_eval_paper/impact/00451878.gt4hist.xml",

    "cer": 0.061608300907911806,
    "wer": 0.1895910780669145,

    "n_characters": 1542,
    "n_words": 269
}