{
    "gt": "/home/cnd/tmp/dev/ocr_eval_paper/impact/00451891.gt.xml",
    "ocr": "/home/cnd/tmp/dev/ocr_eval_paper/impact/00451891.fra.xml",

    "cer": 0.11689237348538846,
    "wer": 0.4435146443514644,

    "n_characters": 1403,
    "n_words": 239
}