{
    "gt": "/home/cnd/tmp/dev/ocr_eval_paper/impact/00451888.gt.xml",
    "ocr": "/home/cnd/tmp/dev/ocr_eval_paper/impact/00451888.gt4hist.xml",

    "cer": 0.28421052631578947,
    "wer": 0.48249027237354086,

    "n_characters": 1425,
    "n_words": 257
}