{
    "gt": "/home/cnd/tmp/dev/ocr_eval_paper/impact/00451913.gt.xml",
    "ocr": "/home/cnd/tmp/dev/ocr_eval_paper/impact/00451913.fra.xml",

    "cer": 0.6289962825278811,
    "wer": 0.8409090909090909,

    "n_characters": 1345,
    "n_words": 220
}