{
    "gt": "/home/cnd/tmp/dev/ocr_eval_paper/impact/00451919.gt.xml",
    "ocr": "/home/cnd/tmp/dev/ocr_eval_paper/impact/00451919.fra.xml",

    "cer": 0.14037735849056604,
    "wer": 0.45739910313901344,

    "n_characters": 1325,
    "n_words": 223
}