{
    "gt": "/home/cnd/tmp/dev/ocr_eval_paper/impact/00451926.gt.xml",
    "ocr": "/home/cnd/tmp/dev/ocr_eval_paper/impact/00451926.fra.xml",

    "cer": 0.09053213545266067,
    "wer": 0.2581967213114754,

    "n_characters": 1447,
    "n_words": 244
}