{
    "gt": "/home/cnd/tmp/dev/ocr_eval_paper/impact/00451944.gt.xml",
    "ocr": "/home/cnd/tmp/dev/ocr_eval_paper/impact/00451944.fra.xml",

    "cer": 0.11912640635340833,
    "wer": 0.43775100401606426,

    "n_characters": 1511,
    "n_words": 249
}