{
    "gt": "/home/cnd/tmp/dev/ocr_eval_paper/impact/00451941.gt.xml",
    "ocr": "/home/cnd/tmp/dev/ocr_eval_paper/impact/00451941.fra.xml",

    "cer": 0.10160427807486631,
    "wer": 0.35918367346938773,

    "n_characters": 1496,
    "n_words": 245
}