{
    "gt": "/home/cnd/tmp/dev/ocr_eval_paper/impact/00451907.gt.xml",
    "ocr": "/home/cnd/tmp/dev/ocr_eval_paper/impact/00451907.gt4hist.xml",

    "cer": 0.5575091575091575,
    "wer": 0.6419753086419753,

    "n_characters": 1365,
    "n_words": 243
}