{
    "gt": "/home/cnd/tmp/dev/ocr_eval_paper/impact/00451904.gt.xml",
    "ocr": "/home/cnd/tmp/dev/ocr_eval_paper/impact/00451904.gt4hist.xml",

    "cer": 0.4228045325779037,
    "wer": 0.5815899581589958,

    "n_characters": 1412,
    "n_words": 239
}