{
    "gt": "/home/cnd/tmp/dev/ocr_eval_paper/impact/00451923.gt.xml",
    "ocr": "/home/cnd/tmp/dev/ocr_eval_paper/impact/00451923.gt4hist.xml",

    "cer": 0.11187438665358194,
    "wer": 0.28888888888888886,

    "n_characters": 1019,
    "n_words": 180
}