{
    "gt": "/home/cnd/tmp/dev/ocr_eval_paper/impact/00451911.gt.xml",
    "ocr": "/home/cnd/tmp/dev/ocr_eval_paper/impact/00451911.gt4hist.xml",

    "cer": 0.19897209985315711,
    "wer": 0.36929460580912865,

    "n_characters": 1362,
    "n_words": 241
}