{
    "gt": "/home/cnd/tmp/dev/ocr_eval_paper/impact/00451917.gt.xml",
    "ocr": "/home/cnd/tmp/dev/ocr_eval_paper/impact/00451917.gt4hist.xml",

    "cer": 0.2802001429592566,
    "wer": 0.5284552845528455,

    "n_characters": 1399,
    "n_words": 246
}