{
    "gt": "/home/cnd/tmp/dev/ocr_eval_paper/impact/00451907.gt.xml",
    "ocr": "/home/cnd/tmp/dev/ocr_eval_paper/impact/00451907.fra.xml",

    "cer": 0.5794871794871795,
    "wer": 0.7530864197530864,

    "n_characters": 1365,
    "n_words": 243
}