{
    "gt": "/home/cnd/tmp/dev/ocr_eval_paper/impact/00451955.gt.xml",
    "ocr": "/home/cnd/tmp/dev/ocr_eval_paper/impact/00451955.gt4hist.xml",

    "cer": 0.07384823848238482,
    "wer": 0.1934156378600823,

    "n_characters": 1476,
    "n_words": 243
}