{
    "gt": "/home/cnd/tmp/dev/ocr_eval_paper/impact/00451962.gt.xml",
    "ocr": "/home/cnd/tmp/dev/ocr_eval_paper/impact/00451962.fra.xml",

    "cer": 0.11744738628649015,
    "wer": 0.376984126984127,

    "n_characters": 1473,
    "n_words": 252
}