{
    "gt": "/home/cnd/tmp/dev/ocr_eval_paper/impact/00451915.gt.xml",
    "ocr": "/home/cnd/tmp/dev/ocr_eval_paper/impact/00451915.gt4hist.xml",

    "cer": 0.18956649522409993,
    "wer": 0.27391304347826084,

    "n_characters": 1361,
    "n_words": 230
}