{
    "gt": "/home/cnd/tmp/dev/ocr_eval_paper/impact/00451927.gt.xml",
    "ocr": "/home/cnd/tmp/dev/ocr_eval_paper/impact/00451927.fra.xml",

    "cer": 0.10950413223140495,
    "wer": 0.3228346456692913,

    "n_characters": 1452,
    "n_words": 254
}