{
    "gt": "/home/cnd/tmp/dev/ocr_eval_paper/impact/00451912.gt.xml",
    "ocr": "/home/cnd/tmp/dev/ocr_eval_paper/impact/00451912.fra.xml",

    "cer": 0.3655750190403656,
    "wer": 0.6329113924050633,

    "n_characters": 1313,
    "n_words": 237
}