{
    "gt": "/home/cnd/tmp/dev/ocr_eval_paper/impact/00451948.gt.xml",
    "ocr": "/home/cnd/tmp/dev/ocr_eval_paper/impact/00451948.fra.xml",

    "cer": 0.12086092715231789,
    "wer": 0.4031413612565445,

    "n_characters": 1208,
    "n_words": 191
}