{
    "gt": "/home/cnd/tmp/dev/ocr_eval_paper/impact/00451916.gt.xml",
    "ocr": "/home/cnd/tmp/dev/ocr_eval_paper/impact/00451916.gt4hist.xml",

    "cer": 0.37101669195751136,
    "wer": 0.5276595744680851,

    "n_characters": 1318,
    "n_words": 235
}