{
    "gt": "/home/cnd/tmp/dev/ocr_eval_paper/impact/00451919.gt.xml",
    "ocr": "/home/cnd/tmp/dev/ocr_eval_paper/impact/00451919.gt4hist.xml",

    "cer": 0.08830188679245284,
    "wer": 0.26905829596412556,

    "n_characters": 1325,
    "n_words": 223
}