{
    "gt": "/home/cnd/tmp/dev/ocr_eval_paper/impact/00451886.gt.xml",
    "ocr": "/home/cnd/tmp/dev/ocr_eval_paper/impact/00451886.fra.xml",

    "cer": 0.16609471516815374,
    "wer": 0.48031496062992124,

    "n_characters": 1457,
    "n_words": 254
}