{
    "gt": "/home/cnd/tmp/dev/ocr_eval_paper/impact/00451933.gt.xml",
    "ocr": "/home/cnd/tmp/dev/ocr_eval_paper/impact/00451933.gt4hist.xml",

    "cer": 0.06943498978897208,
    "wer": 0.18532818532818532,

    "n_characters": 1469,
    "n_words": 259
}