{
    "gt": "/home/cnd/tmp/dev/ocr_eval_paper/impact/00451966.gt.xml",
    "ocr": "/home/cnd/tmp/dev/ocr_eval_paper/impact/00451966.gt4hist.xml",

    "cer": 0.05905511811023622,
    "wer": 0.15613382899628253,

    "n_characters": 1524,
    "n_words": 269
}