{
    "gt": "/home/cnd/tmp/dev/ocr_eval_paper/impact/00451953.gt.xml",
    "ocr": "/home/cnd/tmp/dev/ocr_eval_paper/impact/00451953.fra.xml",

    "cer": 0.12019566736547868,
    "wer": 0.3852813852813853,

    "n_characters": 1431,
    "n_words": 231
}