{
    "gt": "/home/cnd/tmp/dev/ocr_eval_paper/impact/00451958.gt.xml",
    "ocr": "/home/cnd/tmp/dev/ocr_eval_paper/impact/00451958.gt4hist.xml",

    "cer": 0.058823529411764705,
    "wer": 0.16740088105726872,

    "n_characters": 1462,
    "n_words": 227
}