{
    "gt": "/home/cnd/tmp/dev/ocr_eval_paper/impact/00451884.gt.xml",
    "ocr": "/home/cnd/tmp/dev/ocr_eval_paper/impact/00451884.gt4hist.xml",

    "cer": 0.13596491228070176,
    "wer": 0.23478260869565218,

    "n_characters": 1368,
    "n_words": 230
}