{
    "gt": "/home/cnd/tmp/dev/ocr_eval_paper/impact/00451929.gt.xml",
    "ocr": "/home/cnd/tmp/dev/ocr_eval_paper/impact/00451929.gt4hist.xml",

    "cer": 0.0790144435004248,
    "wer": 0.18592964824120603,

    "n_characters": 1177,
    "n_words": 199
}