{
    "gt": "/home/cnd/tmp/dev/ocr_eval_paper/impact/00451946.gt.xml",
    "ocr": "/home/cnd/tmp/dev/ocr_eval_paper/impact/00451946.gt4hist.xml",

    "cer": 0.12320328542094455,
    "wer": 0.2948717948717949,

    "n_characters": 1461,
    "n_words": 234
}