{
    "gt": "/home/cnd/tmp/dev/ocr_eval_paper/impact/00451961.gt.xml",
    "ocr": "/home/cnd/tmp/dev/ocr_eval_paper/impact/00451961.fra.xml",

    "cer": 0.10503472222222222,
    "wer": 0.32085561497326204,

    "n_characters": 1152,
    "n_words": 187
}