{
    "gt": "/home/cnd/tmp/dev/ocr_eval_paper/impact/00451921.gt.xml",
    "ocr": "/home/cnd/tmp/dev/ocr_eval_paper/impact/00451921.gt4hist.xml",

    "cer": 0.7192691029900332,
    "wer": 0.8151658767772512,

    "n_characters": 1204,
    "n_words": 211
}