{
    "gt": "/home/cnd/tmp/dev/ocr_eval_paper/impact/00451938.gt.xml",
    "ocr": "/home/cnd/tmp/dev/ocr_eval_paper/impact/00451938.fra.xml",

    "cer": 0.09851551956815115,
    "wer": 0.3469387755102041,

    "n_characters": 1482,
    "n_words": 245
}