{
    "gt": "/home/cnd/tmp/dev/ocr_eval_paper/impact/00451883.gt.xml",
    "ocr": "/home/cnd/tmp/dev/ocr_eval_paper/impact/00451883.fra.xml",

    "cer": 0.10480349344978165,
    "wer": 0.4025974025974026,

    "n_characters": 1374,
    "n_words": 231
}