{
    "gt": "/home/cnd/tmp/dev/ocr_eval_paper/impact/00451922.gt.xml",
    "ocr": "/home/cnd/tmp/dev/ocr_eval_paper/impact/00451922.fra.xml",

    "cer": 0.2594594594594595,
    "wer": 0.45384615384615384,

    "n_characters": 740,
    "n_words": 130
}