{
    "gt": "/home/cnd/tmp/dev/ocr_eval_paper/impact/00451885.gt.xml",
    "ocr": "/home/cnd/tmp/dev/ocr_eval_paper/impact/00451885.gt4hist.xml",

    "cer": 0.2075070821529745,
    "wer": 0.4108527131782946,

    "n_characters": 1412,
    "n_words": 258
}