{
    "gt": "/home/cnd/tmp/dev/ocr_eval_paper/impact/00451942.gt.xml",
    "ocr": "/home/cnd/tmp/dev/ocr_eval_paper/impact/00451942.gt4hist.xml",

    "cer": 0.08956228956228957,
    "wer": 0.21176470588235294,

    "n_characters": 1485,
    "n_words": 255
}