{
    "gt": "/home/cnd/tmp/dev/ocr_eval_paper/impact/00451929.gt.xml",
    "ocr": "/home/cnd/tmp/dev/ocr_eval_paper/impact/00451929.fra.xml",

    "cer": 0.11639762107051826,
    "wer": 0.33668341708542715,

    "n_characters": 1177,
    "n_words": 199
}