{
    "gt": "/home/cnd/tmp/dev/ocr_eval_paper/impact/00451935.gt.xml",
    "ocr": "/home/cnd/tmp/dev/ocr_eval_paper/impact/00451935.gt4hist.xml",

    "cer": 0.07697690692792163,
    "wer": 0.22040816326530613,

    "n_characters": 1429,
    "n_words": 245
}