{
    "gt": "/home/cnd/tmp/dev/ocr_eval_paper/impact/00451952.gt.xml",
    "ocr": "/home/cnd/tmp/dev/ocr_eval_paper/impact/00451952.fra.xml",

    "cer": 0.1042904290429043,
    "wer": 0.38114754098360654,

    "n_characters": 1515,
    "n_words": 244
}