{
    "gt": "/home/cnd/tmp/dev/ocr_eval_paper/impact/00451956.gt.xml",
    "ocr": "/home/cnd/tmp/dev/ocr_eval_paper/impact/00451956.gt4hist.xml",

    "cer": 0.0870988867059594,
    "wer": 0.26720647773279355,

    "n_characters": 1527,
    "n_words": 247
}