{
    "gt": "/home/cnd/tmp/dev/ocr_eval_paper/impact/00451895.gt.xml",
    "ocr": "/home/cnd/tmp/dev/ocr_eval_paper/impact/00451895.gt4hist.xml",

    "cer": 0.18773656320968962,
    "wer": 0.3776824034334764,

    "n_characters": 1321,
    "n_words": 233
}