{
    "gt": "/home/cnd/tmp/dev/ocr_eval_paper/impact/00451915.gt.xml",
    "ocr": "/home/cnd/tmp/dev/ocr_eval_paper/impact/00451915.fra.xml",

    "cer": 0.3475385745775165,
    "wer": 0.5565217391304348,

    "n_characters": 1361,
    "n_words": 230
}