{
    "gt": "/home/cnd/tmp/dev/ocr_eval_paper/impact/00451880.gt.xml",
    "ocr": "/home/cnd/tmp/dev/ocr_eval_paper/impact/00451880.fra.xml",

    "cer": 0.09704370179948586,
    "wer": 0.37209302325581395,

    "n_characters": 1556,
    "n_words": 258
}