{
    "gt": "/home/cnd/tmp/dev/ocr_eval_paper/impact/00451890.gt.xml",
    "ocr": "/home/cnd/tmp/dev/ocr_eval_paper/impact/00451890.fra.xml",

    "cer": 0.7674258109040718,
    "wer": 1.0308880308880308,

    "n_characters": 1449,
    "n_words": 259
}