{
    "gt": "/home/cnd/tmp/dev/ocr_eval_paper/impact/00451874.gt.xml",
    "ocr": "/home/cnd/tmp/dev/ocr_eval_paper/impact/00451874.fra.xml",

    "cer": 0.1172360248447205,
    "wer": 0.3791469194312796,

    "n_characters": 1288,
    "n_words": 211
}