{
    "gt": "/home/cnd/tmp/dev/ocr_eval_paper/impact/00451960.gt.xml",
    "ocr": "/home/cnd/tmp/dev/ocr_eval_paper/impact/00451960.fra.xml",

    "cer": 0.10187667560321716,
    "wer": 0.373015873015873,

    "n_characters": 1492,
    "n_words": 252
}