{
    "gt": "/home/cnd/tmp/dev/ocr_eval_paper/impact/00451869.gt.xml",
    "ocr": "/home/cnd/tmp/dev/ocr_eval_paper/impact/00451869.fra.xml",

    "cer": 0.4473684210526316,
    "wer": 1.8333333333333333,

    "n_characters": 76,
    "n_words": 6
}