{
    "gt": "/home/cnd/tmp/dev/ocr_eval_paper/impact/00451947.gt.xml",
    "ocr": "/home/cnd/tmp/dev/ocr_eval_paper/impact/00451947.gt4hist.xml",

    "cer": 0.1021377672209026,
    "wer": 0.2995391705069124,

    "n_characters": 1263,
    "n_words": 217
}