{
    "gt": "/home/cnd/tmp/dev/ocr_eval_paper/impact/00451870.gt.xml",
    "ocr": "/home/cnd/tmp/dev/ocr_eval_paper/impact/00451870.fra.xml",

    "cer": 0.5247524752475248,
    "wer": 1.0188679245283019,

    "n_characters": 303,
    "n_words": 53
}