{
    "gt": "/home/cnd/tmp/dev/ocr_eval_paper/impact/00451882.gt.xml",
    "ocr": "/home/cnd/tmp/dev/ocr_eval_paper/impact/00451882.fra.xml",

    "cer": 0.10838709677419354,
    "wer": 0.3333333333333333,

    "n_characters": 1550,
    "n_words": 270
}