{
    "gt": "/home/cnd/tmp/dev/ocr_eval_paper/impact/00451933.gt.xml",
    "ocr": "/home/cnd/tmp/dev/ocr_eval_paper/impact/00451933.fra.xml",

    "cer": 0.10074880871341048,
    "wer": 0.3359073359073359,

    "n_characters": 1469,
    "n_words": 259
}