{
    "gt": "/home/cnd/tmp/dev/ocr_eval_paper/impact/00451930.gt.xml",
    "ocr": "/home/cnd/tmp/dev/ocr_eval_paper/impact/00451930.fra.xml",

    "cer": 0.11363636363636363,
    "wer": 0.3291139240506329,

    "n_characters": 1408,
    "n_words": 237
}