{
    "gt": "/home/cnd/tmp/dev/ocr_eval_paper/impact/00451900.gt.xml",
    "ocr": "/home/cnd/tmp/dev/ocr_eval_paper/impact/00451900.fra.xml",

    "cer": 0.5223880597014925,
    "wer": 0.7649572649572649,

    "n_characters": 1407,
    "n_words": 234
}