{
    "gt": "/home/cnd/tmp/dev/ocr_eval_paper/impact/00451920.gt.xml",
    "ocr": "/home/cnd/tmp/dev/ocr_eval_paper/impact/00451920.gt4hist.xml",

    "cer": 0.07629629629629629,
    "wer": 0.22272727272727272,

    "n_characters": 1350,
    "n_words": 220
}