{
    "gt": "/home/cnd/tmp/dev/ocr_eval_paper/impact/00451889.gt.xml",
    "ocr": "/home/cnd/tmp/dev/ocr_eval_paper/impact/00451889.fra.xml",

    "cer": 0.470891672807664,
    "wer": 0.7531914893617021,

    "n_characters": 1357,
    "n_words": 235
}