{
    "gt": "/home/cnd/tmp/dev/ocr_eval_paper/impact/00451908.gt.xml",
    "ocr": "/home/cnd/tmp/dev/ocr_eval_paper/impact/00451908.gt4hist.xml",

    "cer": 0.2139231327048586,
    "wer": 0.4092827004219409,

    "n_characters": 1379,
    "n_words": 237
}