{
    "gt": "/home/cnd/tmp/dev/ocr_eval_paper/impact/00451947.gt.xml",
    "ocr": "/home/cnd/tmp/dev/ocr_eval_paper/impact/00451947.fra.xml",

    "cer": 0.166270783847981,
    "wer": 0.4976958525345622,

    "n_characters": 1263,
    "n_words": 217
}