{
    "gt": "/home/cnd/tmp/dev/ocr_eval_paper/impact/00451914.gt.xml",
    "ocr": "/home/cnd/tmp/dev/ocr_eval_paper/impact/00451914.gt4hist.xml",

    "cer": 0.24316109422492402,
    "wer": 0.3288888888888889,

    "n_characters": 1316,
    "n_words": 225
}