{
    "gt": "/home/cnd/tmp/dev/ocr_eval_paper/impact/00451901.gt.xml",
    "ocr": "/home/cnd/tmp/dev/ocr_eval_paper/impact/00451901.gt4hist.xml",

    "cer": 0.3229571984435798,
    "wer": 0.5342465753424658,

    "n_characters": 1285,
    "n_words": 219
}