{
    "gt": "/home/cnd/tmp/dev/ocr_eval_paper/impact/00451940.gt.xml",
    "ocr": "/home/cnd/tmp/dev/ocr_eval_paper/impact/00451940.fra.xml",

    "cer": 0.09326072157930565,
    "wer": 0.35269709543568467,

    "n_characters": 1469,
    "n_words": 241
}