{
    "gt": "/home/cnd/tmp/dev/ocr_eval_paper/impact/00451938.gt.xml",
    "ocr": "/home/cnd/tmp/dev/ocr_eval_paper/impact/00451938.gt4hist.xml",

    "cer": 0.05195681511470985,
    "wer": 0.1306122448979592,

    "n_characters": 1482,
    "n_words": 245
}