{
    "gt": "/home/cnd/tmp/dev/ocr_eval_paper/impact/00451876.gt.xml",
    "ocr": "/home/cnd/tmp/dev/ocr_eval_paper/impact/00451876.fra.xml",

    "cer": 0.16090584028605484,
    "wer": 0.4444444444444444,

    "n_characters": 839,
    "n_words": 144
}