{
    "gt": "/home/cnd/tmp/dev/ocr_eval_paper/impact/00451896.gt.xml",
    "ocr": "/home/cnd/tmp/dev/ocr_eval_paper/impact/00451896.fra.xml",

    "cer": 0.26402393418100223,
    "wer": 0.5769230769230769,

    "n_characters": 1337,
    "n_words": 234
}