{
    "gt": "/home/cnd/tmp/dev/ocr_eval_paper/impact/00451966.gt.xml",
    "ocr": "/home/cnd/tmp/dev/ocr_eval_paper/impact/00451966.fra.xml",

    "cer": 0.09317585301837271,
    "wer": 0.4052044609665427,

    "n_characters": 1524,
    "n_words": 269
}