{
    "gt": "/home/cnd/tmp/dev/ocr_eval_paper/impact/00451928.gt.xml",
    "ocr": "/home/cnd/tmp/dev/ocr_eval_paper/impact/00451928.gt4hist.xml",

    "cer": 0.06536856745479833,
    "wer": 0.15918367346938775,

    "n_characters": 1438,
    "n_words": 245
}