{
    "gt": "/home/cnd/tmp/dev/ocr_eval_paper/impact/00451958.gt.xml",
    "ocr": "/home/cnd/tmp/dev/ocr_eval_paper/impact/00451958.fra.xml",

    "cer": 0.10054719562243503,
    "wer": 0.3568281938325991,

    "n_characters": 1462,
    "n_words": 227
}