{
    "gt": "/home/cnd/tmp/dev/ocr_eval_paper/impact/00451902.gt.xml",
    "ocr": "/home/cnd/tmp/dev/ocr_eval_paper/impact/00451902.fra.xml",

    "cer": 0.44832826747720367,
    "wer": 0.673728813559322,

    "n_characters": 1316,
    "n_words": 236
}