{
    "gt": "/home/cnd/tmp/dev/ocr_eval_paper/impact/00451944.gt.xml",
    "ocr": "/home/cnd/tmp/dev/ocr_eval_paper/impact/00451944.gt4hist.xml",

    "cer": 0.06750496360026473,
    "wer": 0.20080321285140562,

    "n_characters": 1511,
    "n_words": 249
}