{
    "gt": "/home/cnd/tmp/dev/ocr_eval_paper/impact/00451887.gt.xml",
    "ocr": "/home/cnd/tmp/dev/ocr_eval_paper/impact/00451887.gt4hist.xml",

    "cer": 0.13582089552238805,
    "wer": 0.25957446808510637,

    "n_characters": 1340,
    "n_words": 235
}