{
    "gt": "/home/cnd/tmp/dev/ocr_eval_paper/impact/00451912.gt.xml",
    "ocr": "/home/cnd/tmp/dev/ocr_eval_paper/impact/00451912.gt4hist.xml",

    "cer": 0.22239146991622238,
    "wer": 0.3628691983122363,

    "n_characters": 1313,
    "n_words": 237
}