{
    "gt": "/home/cnd/tmp/dev/ocr_eval_paper/impact/00451936.gt.xml",
    "ocr": "/home/cnd/tmp/dev/ocr_eval_paper/impact/00451936.gt4hist.xml",

    "cer": 0.07717041800643087,
    "wer": 0.22325581395348837,

    "n_characters": 1244,
    "n_words": 215
}