{
    "gt": "/home/cnd/tmp/dev/ocr_eval_paper/impact/00451874.gt.xml",
    "ocr": "/home/cnd/tmp/dev/ocr_eval_paper/impact/00451874.gt4hist.xml",

    "cer": 0.09394409937888198,
    "wer": 0.3222748815165877,

    "n_characters": 1288,
    "n_words": 211
}