{
    "gt": "/home/cnd/tmp/dev/ocr_eval_paper/impact/00451901.gt.xml",
    "ocr": "/home/cnd/tmp/dev/ocr_eval_paper/impact/00451901.fra.xml",

    "cer": 0.5299610894941634,
    "wer": 0.7351598173515982,

    "n_characters": 1285,
    "n_words": 219
}