{
    "gt": "/home/cnd/tmp/dev/ocr_eval_paper/impact/00451895.gt.xml",
    "ocr": "/home/cnd/tmp/dev/ocr_eval_paper/impact/00451895.fra.xml",

    "cer": 0.3209689629068887,
    "wer": 0.5793991416309013,

    "n_characters": 1321,
    "n_words": 233
}