{
    "gt": "/home/cnd/tmp/dev/ocr_eval_paper/impact/00451898.gt.xml",
    "ocr": "/home/cnd/tmp/dev/ocr_eval_paper/impact/00451898.fra.xml",

    "cer": 0.4672131147540984,
    "wer": 0.7333333333333333,

    "n_characters": 1342,
    "n_words": 240
}