{
    "gt": "/home/cnd/tmp/dev/ocr_eval_paper/impact/00451957.gt.xml",
    "ocr": "/home/cnd/tmp/dev/ocr_eval_paper/impact/00451957.gt4hist.xml",

    "cer": 0.06184118060435699,
    "wer": 0.1350210970464135,

    "n_characters": 1423,
    "n_words": 237
}