{
    "gt": "/home/cnd/tmp/dev/ocr_eval_paper/impact/00451917.gt.xml",
    "ocr": "/home/cnd/tmp/dev/ocr_eval_paper/impact/00451917.fra.xml",

    "cer": 0.4781987133666905,
    "wer": 0.7682926829268293,

    "n_characters": 1399,
    "n_words": 246
}