{
    "gt": "/home/cnd/tmp/dev/ocr_eval_paper/impact/00451903.gt.xml",
    "ocr": "/home/cnd/tmp/dev/ocr_eval_paper/impact/00451903.fra.xml",

    "cer": 0.17029257314328583,
    "wer": 0.3458333333333333,

    "n_characters": 1333,
    "n_words": 240
}