{
    "gt": "/home/cnd/tmp/dev/ocr_eval_paper/impact/00451956.gt.xml",
    "ocr": "/home/cnd/tmp/dev/ocr_eval_paper/impact/00451956.fra.xml",

    "cer": 0.14865749836280287,
    "wer": 0.44534412955465585,

    "n_characters": 1527,
    "n_words": 247
}