{
    "gt": "/home/cnd/tmp/dev/ocr_eval_paper/impact/00451964.gt.xml",
    "ocr": "/home/cnd/tmp/dev/ocr_eval_paper/impact/00451964.fra.xml",

    "cer": 0.09802586793737236,
    "wer": 0.34552845528455284,

    "n_characters": 1469,
    "n_words": 246
}