{
    "gt": "/home/cnd/tmp/dev/ocr_eval_paper/impact/00451910.gt.xml",
    "ocr": "/home/cnd/tmp/dev/ocr_eval_paper/impact/00451910.gt4hist.xml",

    "cer": 0.07634164777021919,
    "wer": 0.22522522522522523,

    "n_characters": 1323,
    "n_words": 222
}