{
    "gt": "/home/cnd/tmp/dev/ocr_eval_paper/impact/00451945.gt.xml",
    "ocr": "/home/cnd/tmp/dev/ocr_eval_paper/impact/00451945.fra.xml",

    "cer": 0.11709286675639301,
    "wer": 0.3817427385892116,

    "n_characters": 1486,
    "n_words": 241
}