{
    "gt": "/home/cnd/tmp/dev/ocr_eval_paper/impact/00451962.gt.xml",
    "ocr": "/home/cnd/tmp/dev/ocr_eval_paper/impact/00451962.gt4hist.xml",

    "cer": 0.06924643584521385,
    "wer": 0.17857142857142858,

    "n_characters": 1473,
    "n_words": 252
}