{
    "gt": "/home/cnd/tmp/dev/ocr_eval_paper/impact/00451913.gt.xml",
    "ocr": "/home/cnd/tmp/dev/ocr_eval_paper/impact/00451913.gt4hist.xml",

    "cer": 0.4096654275092937,
    "wer": 0.6136363636363636,

    "n_characters": 1345,
    "n_words": 220
}