{
    "gt": "/home/cnd/tmp/dev/ocr_eval_paper/impact/00451904.gt.xml",
    "ocr": "/home/cnd/tmp/dev/ocr_eval_paper/impact/00451904.fra.xml",

    "cer": 0.6373937677053825,
    "wer": 0.8368200836820083,

    "n_characters": 1412,
    "n_words": 239
}