{
    "gt": "/home/cnd/tmp/dev/ocr_eval_paper/impact/00451934.gt.xml",
    "ocr": "/home/cnd/tmp/dev/ocr_eval_paper/impact/00451934.gt4hist.xml",

    "cer": 0.07119314436387607,
    "wer": 0.18571428571428572,

    "n_characters": 1517,
    "n_words": 280
}