{
    "gt": "/home/cnd/tmp/dev/ocr_eval_paper/impact/00451877.gt.xml",
    "ocr": "/home/cnd/tmp/dev/ocr_eval_paper/impact/00451877.fra.xml",

    "cer": 0.10918432883750803,
    "wer": 0.3684210526315789,

    "n_characters": 1557,
    "n_words": 247
}