{
    "gt": "/home/cnd/tmp/dev/ocr_eval_paper/impact/00451886.gt.xml",
    "ocr": "/home/cnd/tmp/dev/ocr_eval_paper/impact/00451886.gt4hist.xml",

    "cer": 0.11118737131091283,
    "wer": 0.2795275590551181,

    "n_characters": 1457,
    "n_words": 254
}