{
    "gt": "/home/cnd/tmp/dev/ocr_eval_paper/impact/00451897.gt.xml",
    "ocr": "/home/cnd/tmp/dev/ocr_eval_paper/impact/00451897.gt4hist.xml",

    "cer": 0.11365313653136531,
    "wer": 0.2967479674796748,

    "n_characters": 1355,
    "n_words": 246
}