{
    "gt": "/home/cnd/tmp/dev/ocr_eval_paper/impact/00451900.gt.xml",
    "ocr": "/home/cnd/tmp/dev/ocr_eval_paper/impact/00451900.gt4hist.xml",

    "cer": 0.32409381663113007,
    "wer": 0.5256410256410257,

    "n_characters": 1407,
    "n_words": 234
}