{
    "gt": "/home/cnd/tmp/dev/ocr_eval_paper/impact/00451905.gt.xml",
    "ocr": "/home/cnd/tmp/dev/ocr_eval_paper/impact/00451905.gt4hist.xml",

    "cer": 0.5799256505576208,
    "wer": 0.6058091286307054,

    "n_characters": 1345,
    "n_words": 241
}