{
    "gt": "/home/cnd/tmp/dev/ocr_eval_paper/impact/00451950.gt.xml",
    "ocr": "/home/cnd/tmp/dev/ocr_eval_paper/impact/00451950.gt4hist.xml",

    "cer": 0.07356948228882834,
    "wer": 0.20416666666666666,

    "n_characters": 1468,
    "n_words": 240
}