{
    "gt": "/home/cnd/tmp/dev/ocr_eval_paper/impact/00451925.gt.xml",
    "ocr": "/home/cnd/tmp/dev/ocr_eval_paper/impact/00451925.gt4hist.xml",

    "cer": 0.14107142857142857,
    "wer": 0.30612244897959184,

    "n_characters": 560,
    "n_words": 98
}