{
    "gt": "/home/cnd/tmp/dev/ocr_eval_paper/impact/00451937.gt.xml",
    "ocr": "/home/cnd/tmp/dev/ocr_eval_paper/impact/00451937.gt4hist.xml",

    "cer": 0.07412309728656519,
    "wer": 0.1821705426356589,

    "n_characters": 1511,
    "n_words": 258
}