{
    "gt": "/home/cnd/tmp/dev/ocr_eval_paper/impact/00451871.gt.xml",
    "ocr": "/home/cnd/tmp/dev/ocr_eval_paper/impact/00451871.gt4hist.xml",

    "cer": 0.12084592145015106,
    "wer": 0.35964912280701755,

    "n_characters": 1324,
    "n_words": 228
}