{
    "gt": "/home/cnd/tmp/dev/ocr_eval_paper/impact/00451878.gt.xml",
    "ocr": "/home/cnd/tmp/dev/ocr_eval_paper/impact/00451878.fra.xml",

    "cer": 0.07846952010376135,
    "wer": 0.2936802973977695,

    "n_characters": 1542,
    "n_words": 269
}