{
    "gt": "/home/cnd/tmp/dev/ocr_eval_paper/impact/00451892.gt.xml",
    "ocr": "/home/cnd/tmp/dev/ocr_eval_paper/impact/00451892.fra.xml",

    "cer": 0.2137240886347391,
    "wer": 0.5604838709677419,

    "n_characters": 1399,
    "n_words": 248
}