{
    "gt": "/home/cnd/tmp/dev/ocr_eval_paper/impact/00451914.gt.xml",
    "ocr": "/home/cnd/tmp/dev/ocr_eval_paper/impact/00451914.fra.xml",

    "cer": 0.28495440729483285,
    "wer": 0.4444444444444444,

    "n_characters": 1316,
    "n_words": 225
}