{
    "gt": "/home/cnd/tmp/dev/ocr_eval_paper/impact/00451959.gt.xml",
    "ocr": "/home/cnd/tmp/dev/ocr_eval_paper/impact/00451959.gt4hist.xml",

    "cer": 0.06943498978897208,
    "wer": 0.15163934426229508,

    "n_characters": 1469,
    "n_words": 244
}