{
    "gt": "/home/cnd/tmp/dev/ocr_eval_paper/impact/00451965.gt.xml",
    "ocr": "/home/cnd/tmp/dev/ocr_eval_paper/impact/00451965.gt4hist.xml",

    "cer": 0.07649896623018608,
    "wer": 0.23673469387755103,

    "n_characters": 1451,
    "n_words": 245
}