{
    "gt": "/home/cnd/tmp/dev/ocr_eval_paper/impact/00451964.gt.xml",
    "ocr": "/home/cnd/tmp/dev/ocr_eval_paper/impact/00451964.gt4hist.xml",

    "cer": 0.07692307692307693,
    "wer": 0.24390243902439024,

    "n_characters": 1469,
    "n_words": 246
}