{
    "gt": "/home/cnd/tmp/dev/ocr_eval_paper/impact/00451881.gt.xml",
    "ocr": "/home/cnd/tmp/dev/ocr_eval_paper/impact/00451881.fra.xml",

    "cer": 0.10279187817258884,
    "wer": 0.3798449612403101,

    "n_characters": 1576,
    "n_words": 258
}