{
    "gt": "/home/cnd/tmp/dev/ocr_eval_paper/impact/00451954.gt.xml",
    "ocr": "/home/cnd/tmp/dev/ocr_eval_paper/impact/00451954.gt4hist.xml",

    "cer": 0.06324666198172874,
    "wer": 0.18468468468468469,

    "n_characters": 1423,
    "n_words": 222
}