{
    "gt": "/home/cnd/tmp/dev/ocr_eval_paper/impact/00451926.gt.xml",
    "ocr": "/home/cnd/tmp/dev/ocr_eval_paper/impact/00451926.gt4hist.xml",

    "cer": 0.07740152038700761,
    "wer": 0.1762295081967213,

    "n_characters": 1447,
    "n_words": 244
}