{
    "gt": "/home/cnd/tmp/dev/ocr_eval_paper/impact/00451889.gt.xml",
    "ocr": "/home/cnd/tmp/dev/ocr_eval_paper/impact/00451889.gt4hist.xml",

    "cer": 0.4170965364775239,
    "wer": 0.4978723404255319,

    "n_characters": 1357,
    "n_words": 235
}