{
    "gt": "/home/cnd/tmp/dev/ocr_eval_paper/impact/00451893.gt.xml",
    "ocr": "/home/cnd/tmp/dev/ocr_eval_paper/impact/00451893.gt4hist.xml",

    "cer": 0.3531544597534445,
    "wer": 0.5335968379446641,

    "n_characters": 1379,
    "n_words": 253
}