{
    "gt": "/home/cnd/tmp/dev/ocr_eval_paper/impact/00451918.gt.xml",
    "ocr": "/home/cnd/tmp/dev/ocr_eval_paper/impact/00451918.fra.xml",

    "cer": 0.2194767441860465,
    "wer": 0.5166666666666667,

    "n_characters": 1376,
    "n_words": 240
}