{
    "gt": "/home/cnd/tmp/dev/ocr_eval_paper/impact/00451959.gt.xml",
    "ocr": "/home/cnd/tmp/dev/ocr_eval_paper/impact/00451959.fra.xml",

    "cer": 0.12729748127978216,
    "wer": 0.36065573770491804,

    "n_characters": 1469,
    "n_words": 244
}