{
    "gt": "/home/cnd/tmp/dev/ocr_eval_paper/impact/00451872.gt.xml",
    "ocr": "/home/cnd/tmp/dev/ocr_eval_paper/impact/00451872.gt4hist.xml",

    "cer": 0.09491268033409264,
    "wer": 0.2920353982300885,

    "n_characters": 1317,
    "n_words": 226
}