{
    "gt": "/home/cnd/tmp/dev/ocr_eval_paper/impact/00451952.gt.xml",
    "ocr": "/home/cnd/tmp/dev/ocr_eval_paper/impact/00451952.gt4hist.xml",

    "cer": 0.06402640264026403,
    "wer": 0.18032786885245902,

    "n_characters": 1515,
    "n_words": 244
}