{
    "gt": "/home/cnd/tmp/dev/ocr_eval_paper/impact/00451936.gt.xml",
    "ocr": "/home/cnd/tmp/dev/ocr_eval_paper/impact/00451936.fra.xml",

    "cer": 0.1157556270096463,
    "wer": 0.39069767441860465,

    "n_characters": 1244,
    "n_words": 215
}