{
    "gt": "/home/cnd/tmp/dev/ocr_eval_paper/impact/00451949.gt.xml",
    "ocr": "/home/cnd/tmp/dev/ocr_eval_paper/impact/00451949.fra.xml",

    "cer": 0.19400953029271614,
    "wer": 0.4188034188034188,

    "n_characters": 1469,
    "n_words": 234
}