{
    "gt": "/home/cnd/tmp/dev/ocr_eval_paper/impact/00451948.gt.xml",
    "ocr": "/home/cnd/tmp/dev/ocr_eval_paper/impact/00451948.gt4hist.xml",

    "cer": 0.0695364238410596,
    "wer": 0.225130890052356,

    "n_characters": 1208,
    "n_words": 191
}