{
    "gt": "/home/cnd/tmp/dev/ocr_eval_paper/impact/00451873.gt.xml",
    "ocr": "/home/cnd/tmp/dev/ocr_eval_paper/impact/00451873.gt4hist.xml",

    "cer": 0.08333333333333333,
    "wer": 0.2714285714285714,

    "n_characters": 1284,
    "n_words": 210
}