{
    "gt": "/home/cnd/tmp/dev/ocr_eval_paper/impact/00451876.gt.xml",
    "ocr": "/home/cnd/tmp/dev/ocr_eval_paper/impact/00451876.gt4hist.xml",

    "cer": 0.10727056019070322,
    "wer": 0.2569444444444444,

    "n_characters": 839,
    "n_words": 144
}