{
    "gt": "/home/cnd/tmp/dev/ocr_eval_paper/impact/00451875.gt.xml",
    "ocr": "/home/cnd/tmp/dev/ocr_eval_paper/impact/00451875.fra.xml",

    "cer": 0.17391304347826086,
    "wer": 0.42857142857142855,

    "n_characters": 345,
    "n_words": 56
}