{
    "gt": "/home/cnd/tmp/dev/ocr_eval_paper/impact/00451967.gt.xml",
    "ocr": "/home/cnd/tmp/dev/ocr_eval_paper/impact/00451967.fra.xml",

    "cer": 0.12018906144496962,
    "wer": 0.42857142857142855,

    "n_characters": 1481,
    "n_words": 259
}