{
    "gt": "/home/cnd/tmp/dev/ocr_eval_paper/impact/00451941.gt.xml",
    "ocr": "/home/cnd/tmp/dev/ocr_eval_paper/impact/00451941.gt4hist.xml",

    "cer": 0.07887700534759358,
    "wer": 0.2163265306122449,

    "n_characters": 1496,
    "n_words": 245
}