{
    "gt": "/home/cnd/tmp/dev/ocr_eval_paper/impact/00451924.gt.xml",
    "ocr": "/home/cnd/tmp/dev/ocr_eval_paper/impact/00451924.fra.xml",

    "cer": 0.24635036496350365,
    "wer": 0.4897959183673469,

    "n_characters": 548,
    "n_words": 98
}