{
    "gt": "/home/cnd/tmp/dev/ocr_eval_paper/impact/00451923.gt.xml",
    "ocr": "/home/cnd/tmp/dev/ocr_eval_paper/impact/00451923.fra.xml",

    "cer": 0.18253189401373895,
    "wer": 0.42777777777777776,

    "n_characters": 1019,
    "n_words": 180
}