{
    "gt": "/home/cnd/tmp/dev/ocr_eval_paper/impact/00451887.gt.xml",
    "ocr": "/home/cnd/tmp/dev/ocr_eval_paper/impact/00451887.fra.xml",

    "cer": 0.23955223880597015,
    "wer": 0.5063829787234042,

    "n_characters": 1340,
    "n_words": 235
}