{
    "gt": "/home/cnd/tmp/dev/ocr_eval_paper/impact/00451884.gt.xml",
    "ocr": "/home/cnd/tmp/dev/ocr_eval_paper/impact/00451884.fra.xml",

    "cer": 0.1703216374269006,
    "wer": 0.3826086956521739,

    "n_characters": 1368,
    "n_words": 230
}