{
    "gt": "/home/cnd/tmp/dev/ocr_eval_paper/impact/00451963.gt.xml",
    "ocr": "/home/cnd/tmp/dev/ocr_eval_paper/impact/00451963.fra.xml",

    "cer": 0.09252912954078135,
    "wer": 0.32340425531914896,

    "n_characters": 1459,
    "n_words": 235
}