{
    "gt": "/home/cnd/tmp/dev/ocr_eval_paper/impact/00451928.gt.xml",
    "ocr": "/home/cnd/tmp/dev/ocr_eval_paper/impact/00451928.fra.xml",

    "cer": 0.10292072322670376,
    "wer": 0.3224489795918367,

    "n_characters": 1438,
    "n_words": 245
}