{
    "gt": "/home/cnd/tmp/dev/ocr_eval_paper/impact/00451939.gt.xml",
    "ocr": "/home/cnd/tmp/dev/ocr_eval_paper/impact/00451939.fra.xml",

    "cer": 0.10572987721691678,
    "wer": 0.33884297520661155,

    "n_characters": 1466,
    "n_words": 242
}