{
    "gt": "/home/cnd/tmp/dev/ocr_eval_paper/impact/00451894.gt.xml",
    "ocr": "/home/cnd/tmp/dev/ocr_eval_paper/impact/00451894.fra.xml",

    "cer": 0.49812734082397003,
    "wer": 0.728448275862069,

    "n_characters": 1335,
    "n_words": 232
}