{
    "gt": "/home/cnd/tmp/dev/ocr_eval_paper/impact/00451873.gt.xml",
    "ocr": "/home/cnd/tmp/dev/ocr_eval_paper/impact/00451873.fra.xml",

    "cer": 0.12305295950155763,
    "wer": 0.37142857142857144,

    "n_characters": 1284,
    "n_words": 210
}