{
    "gt": "/home/cnd/tmp/dev/ocr_eval_paper/impact/00451924.gt.xml",
    "ocr": "/home/cnd/tmp/dev/ocr_eval_paper/impact/00451924.gt4hist.xml",

    "cer": 0.23357664233576642,
    "wer": 0.5102040816326531,

    "n_characters": 548,
    "n_words": 98
}