{
    "gt": "/home/cnd/tmp/dev/ocr_eval_paper/impact/00451960.gt.xml",
    "ocr": "/home/cnd/tmp/dev/ocr_eval_paper/impact/00451960.gt4hist.xml",

    "cer": 0.05294906166219839,
    "wer": 0.1388888888888889,

    "n_characters": 1492,
    "n_words": 252
}