{
    "gt": "/home/cnd/tmp/dev/ocr_eval_paper/impact/00451967.gt.xml",
    "ocr": "/home/cnd/tmp/dev/ocr_eval_paper/impact/00451967.gt4hist.xml",

    "cer": 0.07900067521944631,
    "wer": 0.2277992277992278,

    "n_characters": 1481,
    "n_words": 259
}