{
    "gt": "/home/cnd/tmp/dev/ocr_eval_paper/impact/00451871.gt.xml",
    "ocr": "/home/cnd/tmp/dev/ocr_eval_paper/impact/00451871.fra.xml",

    "cer": 0.16012084592145015,
    "wer": 0.42105263157894735,

    "n_characters": 1324,
    "n_words": 228
}