{
    "gt": "/home/cnd/tmp/dev/ocr_eval_paper/impact/00451939.gt.xml",
    "ocr": "/home/cnd/tmp/dev/ocr_eval_paper/impact/00451939.gt4hist.xml",

    "cer": 0.07571623465211459,
    "wer": 0.19008264462809918,

    "n_characters": 1466,
    "n_words": 242
}