{
    "gt": "/home/cnd/tmp/dev/ocr_eval_paper/impact/00525483.gt.xml",
    "ocr": "/home/cnd/tmp/dev/ocr_eval_paper/impact/00525483.gt4hist.xml",

    "cer": 0.15782747603833866,
    "wer": 0.36860068259385664,

    "n_characters": 1565,
    "n_words": 293
}