{
    "gt": "/home/cnd/tmp/dev/ocr_eval_paper/impact/00525460.gt.xml",
    "ocr": "/home/cnd/tmp/dev/ocr_eval_paper/impact/00525460.gt4hist.xml",

    "cer": 0.11997447351627313,
    "wer": 0.3368055555555556,

    "n_characters": 1567,
    "n_words": 288
}