{
    "gt": "/home/cnd/tmp/dev/ocr_eval_paper/impact/00525472.gt.xml",
    "ocr": "/home/cnd/tmp/dev/ocr_eval_paper/impact/00525472.eng.xml",

    "cer": 0.14554794520547945,
    "wer": 0.4080717488789238,

    "n_characters": 1168,
    "n_words": 223
}