{
    "gt": "/home/cnd/tmp/dev/ocr_eval_paper/impact/00525473.gt.xml",
    "ocr": "/home/cnd/tmp/dev/ocr_eval_paper/impact/00525473.eng.xml",

    "cer": 0.1935771632471008,
    "wer": 0.41346153846153844,

    "n_characters": 1121,
    "n_words": 208
}