{
    "gt": "/home/cnd/tmp/dev/ocr_eval_paper/impact/00525496.gt.xml",
    "ocr": "/home/cnd/tmp/dev/ocr_eval_paper/impact/00525496.eng.xml",

    "cer": 0.1571969696969697,
    "wer": 0.33881578947368424,

    "n_characters": 1584,
    "n_words": 304
}