{
    "gt": "/home/cnd/tmp/dev/ocr_eval_paper/impact/00525482.gt.xml",
    "ocr": "/home/cnd/tmp/dev/ocr_eval_paper/impact/00525482.eng.xml",

    "cer": 0.0855614973262032,
    "wer": 0.31448763250883394,

    "n_characters": 1496,
    "n_words": 283
}