{
    "gt": "/home/cnd/tmp/dev/ocr_eval_paper/impact/00525457.gt.xml",
    "ocr": "/home/cnd/tmp/dev/ocr_eval_paper/impact/00525457.eng.xml",

    "cer": 0.17823639774859287,
    "wer": 0.43986254295532645,

    "n_characters": 1599,
    "n_words": 291
}