{
    "gt": "/home/cnd/tmp/dev/ocr_eval_paper/impact/00525447.gt.xml",
    "ocr": "/home/cnd/tmp/dev/ocr_eval_paper/impact/00525447.eng.xml",

    "cer": 0.10340398201669879,
    "wer": 0.31986531986531985,

    "n_characters": 1557,
    "n_words": 297
}