{
    "gt": "/home/cnd/tmp/dev/ocr_eval_paper/impact/00525501.gt.xml",
    "ocr": "/home/cnd/tmp/dev/ocr_eval_paper/impact/00525501.gt4hist.xml",

    "cer": 0.2611749680715198,
    "wer": 0.5273972602739726,

    "n_characters": 1566,
    "n_words": 292
}