{
    "gt": "/home/cnd/tmp/dev/ocr_eval_paper/impact/00525438.gt.xml",
    "ocr": "/home/cnd/tmp/dev/ocr_eval_paper/impact/00525438.gt4hist.xml",

    "cer": 0.10378378378378378,
    "wer": 0.37714285714285717,

    "n_characters": 925,
    "n_words": 175
}