{
    "gt": "/home/cnd/tmp/dev/ocr_eval_paper/impact/00525465.gt.xml",
    "ocr": "/home/cnd/tmp/dev/ocr_eval_paper/impact/00525465.eng.xml",

    "cer": 0.15135135135135136,
    "wer": 0.36823104693140796,

    "n_characters": 1480,
    "n_words": 277
}