{
    "gt": "/home/cnd/tmp/dev/ocr_eval_paper/impact/00525502.gt.xml",
    "ocr": "/home/cnd/tmp/dev/ocr_eval_paper/impact/00525502.eng.xml",

    "cer": 0.1741472172351885,
    "wer": 0.38461538461538464,

    "n_characters": 1114,
    "n_words": 182
}