{
    "gt": "/home/cnd/tmp/dev/ocr_eval_paper/impact/00525503.gt.xml",
    "ocr": "/home/cnd/tmp/dev/ocr_eval_paper/impact/00525503.eng.xml",

    "cer": 0.17070063694267515,
    "wer": 0.42857142857142855,

    "n_characters": 785,
    "n_words": 140
}