{
    "gt": "/home/cnd/tmp/dev/ocr_eval_paper/impact/00525452.gt.xml",
    "ocr": "/home/cnd/tmp/dev/ocr_eval_paper/impact/00525452.gt4hist.xml",

    "cer": 0.08338892595063375,
    "wer": 0.2534722222222222,

    "n_characters": 1499,
    "n_words": 288
}