{
    "gt": "/home/cnd/tmp/dev/ocr_eval_paper/impact/00525481.gt.xml",
    "ocr": "/home/cnd/tmp/dev/ocr_eval_paper/impact/00525481.eng.xml",

    "cer": 0.2159468438538206,
    "wer": 0.4684014869888476,

    "n_characters": 1505,
    "n_words": 269
}