{
    "gt": "/home/cnd/tmp/dev/ocr_eval_paper/impact/00525479.gt.xml",
    "ocr": "/home/cnd/tmp/dev/ocr_eval_paper/impact/00525479.gt4hist.xml",

    "cer": 0.19844357976653695,
    "wer": 0.4421052631578947,

    "n_characters": 1028,
    "n_words": 190
}