{
    "gt": "/home/cnd/tmp/dev/ocr_eval_paper/impact/00525495.gt.xml",
    "ocr": "/home/cnd/tmp/dev/ocr_eval_paper/impact/00525495.gt4hist.xml",

    "cer": 0.22376357056694812,
    "wer": 0.4788273615635179,

    "n_characters": 1658,
    "n_words": 307
}