{
    "gt": "/home/cnd/tmp/dev/ocr_eval_paper/impact/00525471.gt.xml",
    "ocr": "/home/cnd/tmp/dev/ocr_eval_paper/impact/00525471.eng.xml",

    "cer": 0.17615539182853315,
    "wer": 0.40816326530612246,

    "n_characters": 1493,
    "n_words": 294
}