{
    "gt": "/home/cnd/tmp/dev/ocr_eval_paper/impact/00525487.gt.xml",
    "ocr": "/home/cnd/tmp/dev/ocr_eval_paper/impact/00525487.eng.xml",

    "cer": 0.14549045424621462,
    "wer": 0.37630662020905925,

    "n_characters": 1519,
    "n_words": 287
}