{
    "gt": "/home/cnd/tmp/dev/ocr_eval_paper/impact/00525439.gt.xml",
    "ocr": "/home/cnd/tmp/dev/ocr_eval_paper/impact/00525439.eng.xml",

    "cer": 0.14064015518913675,
    "wer": 0.33980582524271846,

    "n_characters": 1031,
    "n_words": 206
}