{
    "gt": "/home/cnd/tmp/dev/ocr_eval_paper/impact/00525450.gt.xml",
    "ocr": "/home/cnd/tmp/dev/ocr_eval_paper/impact/00525450.eng.xml",

    "cer": 0.0870488322717622,
    "wer": 0.2673992673992674,

    "n_characters": 1413,
    "n_words": 273
}