{
    "gt": "/home/cnd/tmp/dev/ocr_eval_paper/impact/00525448.gt.xml",
    "ocr": "/home/cnd/tmp/dev/ocr_eval_paper/impact/00525448.gt4hist.xml",

    "cer": 0.174881836596894,
    "wer": 0.4368231046931408,

    "n_characters": 1481,
    "n_words": 277
}