{
    "gt": "/home/cnd/tmp/dev/ocr_eval_paper/impact/00525471.gt.xml",
    "ocr": "/home/cnd/tmp/dev/ocr_eval_paper/impact/00525471.gt4hist.xml",

    "cer": 0.19156061620897522,
    "wer": 0.40816326530612246,

    "n_characters": 1493,
    "n_words": 294
}