{
    "gt": "/home/cnd/tmp/dev/ocr_eval_paper/impact/00525490.gt.xml",
    "ocr": "/home/cnd/tmp/dev/ocr_eval_paper/impact/00525490.eng.xml",

    "cer": 0.21065830721003134,
    "wer": 0.4682274247491639,

    "n_characters": 1595,
    "n_words": 299
}