{
    "gt": "/home/cnd/tmp/dev/ocr_eval_paper/impact/00525458.gt.xml",
    "ocr": "/home/cnd/tmp/dev/ocr_eval_paper/impact/00525458.gt4hist.xml",

    "cer": 0.26671511627906974,
    "wer": 0.5992063492063492,

    "n_characters": 1376,
    "n_words": 252
}