{
    "gt": "/home/cnd/tmp/dev/ocr_eval_paper/impact/00525442.gt.xml",
    "ocr": "/home/cnd/tmp/dev/ocr_eval_paper/impact/00525442.eng.xml",

    "cer": 0.11660561660561661,
    "wer": 0.380327868852459,

    "n_characters": 1638,
    "n_words": 305
}