{
    "gt": "/home/cnd/tmp/dev/ocr_eval_paper/impact/00525484.gt.xml",
    "ocr": "/home/cnd/tmp/dev/ocr_eval_paper/impact/00525484.gt4hist.xml",

    "cer": 0.1185044359949303,
    "wer": 0.2808219178082192,

    "n_characters": 1578,
    "n_words": 292
}