{
    "gt": "/home/cnd/tmp/dev/ocr_eval_paper/impact/00525470.gt.xml",
    "ocr": "/home/cnd/tmp/dev/ocr_eval_paper/impact/00525470.eng.xml",

    "cer": 0.1314878892733564,
    "wer": 0.3464566929133858,

    "n_characters": 1445,
    "n_words": 254
}