{
    "gt": "/home/cnd/tmp/dev/ocr_eval_paper/impact/00525481.gt.xml",
    "ocr": "/home/cnd/tmp/dev/ocr_eval_paper/impact/00525481.gt4hist.xml",

    "cer": 0.19003322259136213,
    "wer": 0.36059479553903345,

    "n_characters": 1505,
    "n_words": 269
}