{
    "gt": "/home/cnd/tmp/dev/ocr_eval_paper/impact/00525458.gt.xml",
    "ocr": "/home/cnd/tmp/dev/ocr_eval_paper/impact/00525458.eng.xml",

    "cer": 0.22165697674418605,
    "wer": 0.49206349206349204,

    "n_characters": 1376,
    "n_words": 252
}