{
    "gt": "/home/cnd/tmp/dev/ocr_eval_paper/impact/00525466.gt.xml",
    "ocr": "/home/cnd/tmp/dev/ocr_eval_paper/impact/00525466.eng.xml",

    "cer": 0.20440881763527055,
    "wer": 0.44244604316546765,

    "n_characters": 1497,
    "n_words": 278
}