{
    "gt": "/home/cnd/tmp/dev/ocr_eval_paper/impact/00525443.gt.xml",
    "ocr": "/home/cnd/tmp/dev/ocr_eval_paper/impact/00525443.eng.xml",

    "cer": 0.1618387909319899,
    "wer": 0.39932885906040266,

    "n_characters": 1588,
    "n_words": 298
}