{
    "gt": "/home/cnd/tmp/dev/ocr_eval_paper/impact/00525497.gt.xml",
    "ocr": "/home/cnd/tmp/dev/ocr_eval_paper/impact/00525497.eng.xml",

    "cer": 0.160075329566855,
    "wer": 0.419672131147541,

    "n_characters": 1593,
    "n_words": 305
}