{
    "gt": "/home/cnd/tmp/dev/ocr_eval_paper/impact/00525482.gt.xml",
    "ocr": "/home/cnd/tmp/dev/ocr_eval_paper/impact/00525482.gt4hist.xml",

    "cer": 0.09358288770053476,
    "wer": 0.26148409893992935,

    "n_characters": 1496,
    "n_words": 283
}