{
    "gt": "/home/cnd/tmp/dev/ocr_eval_paper/impact/00525447.gt.xml",
    "ocr": "/home/cnd/tmp/dev/ocr_eval_paper/impact/00525447.gt4hist.xml",

    "cer": 0.07964033397559409,
    "wer": 0.23232323232323232,

    "n_characters": 1557,
    "n_words": 297
}