{
    "gt": "/home/cnd/tmp/dev/ocr_eval_paper/impact/00525457.gt.xml",
    "ocr": "/home/cnd/tmp/dev/ocr_eval_paper/impact/00525457.gt4hist.xml",

    "cer": 0.16635397123202,
    "wer": 0.41924398625429554,

    "n_characters": 1599,
    "n_words": 291
}