{
    "gt": "/home/cnd/tmp/dev/ocr_eval_paper/impact/00525499.gt.xml",
    "ocr": "/home/cnd/tmp/dev/ocr_eval_paper/impact/00525499.eng.xml",

    "cer": 0.28397435897435896,
    "wer": 0.5171232876712328,

    "n_characters": 1560,
    "n_words": 292
}