{
    "gt": "/home/cnd/tmp/dev/ocr_eval_paper/impact/00525493.gt.xml",
    "ocr": "/home/cnd/tmp/dev/ocr_eval_paper/impact/00525493.gt4hist.xml",

    "cer": 0.1965389369592089,
    "wer": 0.4020618556701031,

    "n_characters": 1618,
    "n_words": 291
}