{
    "gt": "/home/cnd/tmp/dev/ocr_eval_paper/impact/00525478.gt.xml",
    "ocr": "/home/cnd/tmp/dev/ocr_eval_paper/impact/00525478.eng.xml",

    "cer": 0.19883419689119172,
    "wer": 0.4797047970479705,

    "n_characters": 1544,
    "n_words": 271
}