{
    "gt": "/home/cnd/tmp/dev/ocr_eval_paper/impact/00525468.gt.xml",
    "ocr": "/home/cnd/tmp/dev/ocr_eval_paper/impact/00525468.gt4hist.xml",

    "cer": 0.23613963039014374,
    "wer": 0.45229681978798586,

    "n_characters": 1461,
    "n_words": 283
}