{
    "gt": "/home/cnd/tmp/dev/ocr_eval_paper/impact/00525461.gt.xml",
    "ocr": "/home/cnd/tmp/dev/ocr_eval_paper/impact/00525461.gt4hist.xml",

    "cer": 0.32441942294159043,
    "wer": 0.5895522388059702,

    "n_characters": 1421,
    "n_words": 268
}