{
    "gt": "/home/cnd/tmp/dev/ocr_eval_paper/impact/00525486.gt.xml",
    "ocr": "/home/cnd/tmp/dev/ocr_eval_paper/impact/00525486.gt4hist.xml",

    "cer": 0.13164721141374838,
    "wer": 0.29328621908127206,

    "n_characters": 1542,
    "n_words": 283
}