{
    "gt": "/home/cnd/tmp/dev/ocr_eval_paper/impact/00525437.gt.xml",
    "ocr": "/home/cnd/tmp/dev/ocr_eval_paper/impact/00525437.gt4hist.xml",

    "cer": 0.13124199743918052,
    "wer": 0.3864406779661017,

    "n_characters": 1562,
    "n_words": 295
}