{
    "gt": "/home/cnd/tmp/dev/ocr_eval_paper/impact/00525452.gt.xml",
    "ocr": "/home/cnd/tmp/dev/ocr_eval_paper/impact/00525452.eng.xml",

    "cer": 0.09606404269513008,
    "wer": 0.3090277777777778,

    "n_characters": 1499,
    "n_words": 288
}