{
    "gt": "/home/cnd/tmp/dev/ocr_eval_paper/impact/00525485.gt.xml",
    "ocr": "/home/cnd/tmp/dev/ocr_eval_paper/impact/00525485.eng.xml",

    "cer": 0.15694164989939638,
    "wer": 0.38686131386861317,

    "n_characters": 1491,
    "n_words": 274
}