{
    "gt": "/home/cnd/tmp/dev/ocr_eval_paper/impact/00525463.gt.xml",
    "ocr": "/home/cnd/tmp/dev/ocr_eval_paper/impact/00525463.eng.xml",

    "cer": 0.2072936660268714,
    "wer": 0.42474916387959866,

    "n_characters": 1563,
    "n_words": 299
}