{
    "gt": "/home/cnd/tmp/dev/ocr_eval_paper/impact/00525488.gt.xml",
    "ocr": "/home/cnd/tmp/dev/ocr_eval_paper/impact/00525488.gt4hist.xml",

    "cer": 0.14316702819956617,
    "wer": 0.3028571428571429,

    "n_characters": 922,
    "n_words": 175
}