{
    "gt": "/home/cnd/tmp/dev/ocr_eval_paper/impact/00525484.gt.xml",
    "ocr": "/home/cnd/tmp/dev/ocr_eval_paper/impact/00525484.eng.xml",

    "cer": 0.1432192648922687,
    "wer": 0.386986301369863,

    "n_characters": 1578,
    "n_words": 292
}