{
    "gt": "/home/cnd/tmp/dev/ocr_eval_paper/impact/00525461.gt.xml",
    "ocr": "/home/cnd/tmp/dev/ocr_eval_paper/impact/00525461.eng.xml",

    "cer": 0.22378606615059818,
    "wer": 0.4216417910447761,

    "n_characters": 1421,
    "n_words": 268
}