{
    "gt": "/home/cnd/tmp/dev/ocr_eval_paper/impact/00525460.gt.xml",
    "ocr": "/home/cnd/tmp/dev/ocr_eval_paper/impact/00525460.eng.xml",

    "cer": 0.13848117421825143,
    "wer": 0.3263888888888889,

    "n_characters": 1567,
    "n_words": 288
}