{
    "gt": "/home/cnd/tmp/dev/ocr_eval_paper/impact/00525444.gt.xml",
    "ocr": "/home/cnd/tmp/dev/ocr_eval_paper/impact/00525444.eng.xml",

    "cer": 0.09322033898305085,
    "wer": 0.3192982456140351,

    "n_characters": 1534,
    "n_words": 285
}