{
    "gt": "/home/cnd/tmp/dev/ocr_eval_paper/impact/00525446.gt.xml",
    "ocr": "/home/cnd/tmp/dev/ocr_eval_paper/impact/00525446.gt4hist.xml",

    "cer": 0.10616929698708752,
    "wer": 0.2947761194029851,

    "n_characters": 1394,
    "n_words": 268
}