{
    "gt": "/home/cnd/tmp/dev/ocr_eval_paper/impact/00525500.gt.xml",
    "ocr": "/home/cnd/tmp/dev/ocr_eval_paper/impact/00525500.eng.xml",

    "cer": 0.28944020356234096,
    "wer": 0.5524475524475524,

    "n_characters": 1572,
    "n_words": 286
}