{
    "gt": "/home/cnd/tmp/dev/ocr_eval_paper/impact/00525485.gt.xml",
    "ocr": "/home/cnd/tmp/dev/ocr_eval_paper/impact/00525485.gt4hist.xml",

    "cer": 0.13078470824949698,
    "wer": 0.3102189781021898,

    "n_characters": 1491,
    "n_words": 274
}