{
    "gt": "/home/cnd/tmp/dev/ocr_eval_paper/impact/00525450.gt.xml",
    "ocr": "/home/cnd/tmp/dev/ocr_eval_paper/impact/00525450.gt4hist.xml",

    "cer": 0.1040339702760085,
    "wer": 0.23076923076923078,

    "n_characters": 1413,
    "n_words": 273
}