{
    "gt": "/home/cnd/tmp/dev/ocr_eval_paper/impact/00525502.gt.xml",
    "ocr": "/home/cnd/tmp/dev/ocr_eval_paper/impact/00525502.gt4hist.xml",

    "cer": 0.1570915619389587,
    "wer": 0.3021978021978022,

    "n_characters": 1114,
    "n_words": 182
}