{
    "gt": "/home/cnd/tmp/dev/ocr_eval_paper/impact/00525492.gt.xml",
    "ocr": "/home/cnd/tmp/dev/ocr_eval_paper/impact/00525492.gt4hist.xml",

    "cer": 0.18081857055589493,
    "wer": 0.4318181818181818,

    "n_characters": 1637,
    "n_words": 308
}