{
    "gt": "/home/cnd/tmp/dev/ocr_eval_paper/impact/00525493.gt.xml",
    "ocr": "/home/cnd/tmp/dev/ocr_eval_paper/impact/00525493.eng.xml",

    "cer": 0.17985166872682323,
    "wer": 0.3711340206185567,

    "n_characters": 1618,
    "n_words": 291
}