{
    "gt": "/home/cnd/tmp/dev/ocr_eval_paper/impact/00525488.gt.xml",
    "ocr": "/home/cnd/tmp/dev/ocr_eval_paper/impact/00525488.eng.xml",

    "cer": 0.1540130151843818,
    "wer": 0.37714285714285717,

    "n_characters": 922,
    "n_words": 175
}