{
    "gt": "/home/cnd/tmp/dev/ocr_eval_paper/impact/00525449.gt.xml",
    "ocr": "/home/cnd/tmp/dev/ocr_eval_paper/impact/00525449.eng.xml",

    "cer": 0.10643889618922471,
    "wer": 0.3617021276595745,

    "n_characters": 1522,
    "n_words": 282
}