{
    "gt": "/home/cnd/tmp/dev/ocr_eval_paper/impact/00525494.gt.xml",
    "ocr": "/home/cnd/tmp/dev/ocr_eval_paper/impact/00525494.eng.xml",

    "cer": 0.1373283395755306,
    "wer": 0.3377926421404682,

    "n_characters": 1602,
    "n_words": 299
}