{
    "gt": "/home/cnd/tmp/dev/ocr_eval_paper/impact/00525499.gt.xml",
    "ocr": "/home/cnd/tmp/dev/ocr_eval_paper/impact/00525499.gt4hist.xml",

    "cer": 0.22628205128205128,
    "wer": 0.3595890410958904,

    "n_characters": 1560,
    "n_words": 292
}