{
    "gt": "/home/cnd/tmp/dev/ocr_eval_paper/impact/00525449.gt.xml",
    "ocr": "/home/cnd/tmp/dev/ocr_eval_paper/impact/00525449.gt4hist.xml",

    "cer": 0.09132720105124836,
    "wer": 0.24468085106382978,

    "n_characters": 1522,
    "n_words": 282
}