{
    "gt": "/home/cnd/tmp/dev/ocr_eval_paper/impact/00525454.gt.xml",
    "ocr": "/home/cnd/tmp/dev/ocr_eval_paper/impact/00525454.gt4hist.xml",

    "cer": 0.08935879945429741,
    "wer": 0.26545454545454544,

    "n_characters": 1466,
    "n_words": 275
}