{
    "gt": "/home/cnd/tmp/dev/ocr_eval_paper/impact/00525494.gt.xml",
    "ocr": "/home/cnd/tmp/dev/ocr_eval_paper/impact/00525494.gt4hist.xml",

    "cer": 0.149812734082397,
    "wer": 0.35451505016722407,

    "n_characters": 1602,
    "n_words": 299
}