{
    "gt": "/home/cnd/tmp/dev/ocr_eval_paper/impact/00525439.gt.xml",
    "ocr": "/home/cnd/tmp/dev/ocr_eval_paper/impact/00525439.gt4hist.xml",

    "cer": 0.13482056256062075,
    "wer": 0.4320388349514563,

    "n_characters": 1031,
    "n_words": 206
}