{
    "gt": "/home/cnd/tmp/dev/ocr_eval_paper/impact/00525473.gt.xml",
    "ocr": "/home/cnd/tmp/dev/ocr_eval_paper/impact/00525473.gt4hist.xml",

    "cer": 0.18822479928635147,
    "wer": 0.3605769230769231,

    "n_characters": 1121,
    "n_words": 208
}