{
    "gt": "/home/cnd/tmp/dev/ocr_eval_paper/impact/00525478.gt.xml",
    "ocr": "/home/cnd/tmp/dev/ocr_eval_paper/impact/00525478.gt4hist.xml",

    "cer": 0.16126943005181346,
    "wer": 0.33210332103321033,

    "n_characters": 1544,
    "n_words": 271
}