{
    "gt": "/home/cnd/tmp/dev/ocr_eval_paper/impact/00525435.gt.xml",
    "ocr": "/home/cnd/tmp/dev/ocr_eval_paper/impact/00525435.eng.xml",

    "cer": 0.2508680555555556,
    "wer": 0.4951923076923077,

    "n_characters": 1152,
    "n_words": 208
}