{
    "gt": "/home/cnd/tmp/dev/ocr_eval_paper/impact/00525477.gt.xml",
    "ocr": "/home/cnd/tmp/dev/ocr_eval_paper/impact/00525477.eng.xml",

    "cer": 0.19517102615694165,
    "wer": 0.4074074074074074,

    "n_characters": 1491,
    "n_words": 270
}