{
    "gt": "/home/cnd/tmp/dev/ocr_eval_paper/impact/00525451.gt.xml",
    "ocr": "/home/cnd/tmp/dev/ocr_eval_paper/impact/00525451.gt4hist.xml",

    "cer": 0.10923185341789993,
    "wer": 0.2846153846153846,

    "n_characters": 1419,
    "n_words": 260
}