{
    "gt": "/home/cnd/tmp/dev/ocr_eval_paper/impact/00525492.gt.xml",
    "ocr": "/home/cnd/tmp/dev/ocr_eval_paper/impact/00525492.eng.xml",

    "cer": 0.16737935247403787,
    "wer": 0.44155844155844154,

    "n_characters": 1637,
    "n_words": 308
}