{
    "gt": "/home/cnd/tmp/dev/ocr_eval_paper/impact/00525444.gt.xml",
    "ocr": "/home/cnd/tmp/dev/ocr_eval_paper/impact/00525444.gt4hist.xml",

    "cer": 0.08213820078226858,
    "wer": 0.26666666666666666,

    "n_characters": 1534,
    "n_words": 285
}