{
    "gt": "/home/cnd/tmp/dev/ocr_eval_paper/impact/00525498.gt.xml",
    "ocr": "/home/cnd/tmp/dev/ocr_eval_paper/impact/00525498.eng.xml",

    "cer": 0.17291255752794216,
    "wer": 0.4583333333333333,

    "n_characters": 1521,
    "n_words": 288
}