{
    "gt": "/home/cnd/tmp/dev/ocr_eval_paper/impact/00525467.gt.xml",
    "ocr": "/home/cnd/tmp/dev/ocr_eval_paper/impact/00525467.eng.xml",

    "cer": 0.13311897106109324,
    "wer": 0.4178082191780822,

    "n_characters": 1555,
    "n_words": 292
}