{
    "gt": "/home/cnd/tmp/dev/ocr_eval_paper/impact/00525440.gt.xml",
    "ocr": "/home/cnd/tmp/dev/ocr_eval_paper/impact/00525440.gt4hist.xml",

    "cer": 0.1972318339100346,
    "wer": 0.4482758620689655,

    "n_characters": 289,
    "n_words": 58
}