{
    "gt": "/home/cnd/tmp/dev/ocr_eval_paper/impact/00525465.gt.xml",
    "ocr": "/home/cnd/tmp/dev/ocr_eval_paper/impact/00525465.gt4hist.xml",

    "cer": 0.15743243243243243,
    "wer": 0.2996389891696751,

    "n_characters": 1480,
    "n_words": 277
}