{
    "gt": "/home/cnd/tmp/dev/ocr_eval_paper/impact/00525480.gt.xml",
    "ocr": "/home/cnd/tmp/dev/ocr_eval_paper/impact/00525480.eng.xml",

    "cer": 0.16281895504252733,
    "wer": 0.38613861386138615,

    "n_characters": 1646,
    "n_words": 303
}