{
    "gt": "/home/cnd/tmp/dev/ocr_eval_paper/impact/00525501.gt.xml",
    "ocr": "/home/cnd/tmp/dev/ocr_eval_paper/impact/00525501.eng.xml",

    "cer": 0.15900383141762453,
    "wer": 0.410958904109589,

    "n_characters": 1566,
    "n_words": 292
}