{
    "gt": "/home/cnd/tmp/dev/ocr_eval_paper/impact/00525477.gt.xml",
    "ocr": "/home/cnd/tmp/dev/ocr_eval_paper/impact/00525477.gt4hist.xml",

    "cer": 0.15492957746478872,
    "wer": 0.2740740740740741,

    "n_characters": 1491,
    "n_words": 270
}