{
    "gt": "/home/cnd/tmp/dev/ocr_eval_paper/impact/00525464.gt.xml",
    "ocr": "/home/cnd/tmp/dev/ocr_eval_paper/impact/00525464.gt4hist.xml",

    "cer": 0.12291933418693982,
    "wer": 0.2755102040816326,

    "n_characters": 1562,
    "n_words": 294
}