{
    "gt": "/home/cnd/tmp/dev/ocr_eval_paper/impact/00525464.gt.xml",
    "ocr": "/home/cnd/tmp/dev/ocr_eval_paper/impact/00525464.eng.xml",

    "cer": 0.13060179257362356,
    "wer": 0.3299319727891156,

    "n_characters": 1562,
    "n_words": 294
}