{
    "gt": "/home/cnd/tmp/dev/ocr_eval_paper/impact/00525474.gt.xml",
    "ocr": "/home/cnd/tmp/dev/ocr_eval_paper/impact/00525474.gt4hist.xml",

    "cer": 0.16237113402061856,
    "wer": 0.36824324324324326,

    "n_characters": 1552,
    "n_words": 296
}