{
    "gt": "/home/cnd/tmp/dev/ocr_eval_paper/impact/00525468.gt.xml",
    "ocr": "/home/cnd/tmp/dev/ocr_eval_paper/impact/00525468.eng.xml",

    "cer": 0.162217659137577,
    "wer": 0.4169611307420495,

    "n_characters": 1461,
    "n_words": 283
}