{
    "gt": "/home/cnd/tmp/dev/ocr_eval_paper/impact/00525436.gt.xml",
    "ocr": "/home/cnd/tmp/dev/ocr_eval_paper/impact/00525436.gt4hist.xml",

    "cer": 0.0673076923076923,
    "wer": 0.22340425531914893,

    "n_characters": 1560,
    "n_words": 282
}