{
    "gt": "/home/cnd/tmp/dev/ocr_eval_paper/impact/00525500.gt.xml",
    "ocr": "/home/cnd/tmp/dev/ocr_eval_paper/impact/00525500.gt4hist.xml",

    "cer": 0.29961832061068705,
    "wer": 0.513986013986014,

    "n_characters": 1572,
    "n_words": 286
}