{
    "gt": "/home/cnd/tmp/dev/ocr_eval_paper/impact/00525476.gt.xml",
    "ocr": "/home/cnd/tmp/dev/ocr_eval_paper/impact/00525476.eng.xml",

    "cer": 0.13540290620871862,
    "wer": 0.3626373626373626,

    "n_characters": 1514,
    "n_words": 273
}