{
    "gt": "/home/cnd/tmp/dev/ocr_eval_paper/impact/00525459.gt.xml",
    "ocr": "/home/cnd/tmp/dev/ocr_eval_paper/impact/00525459.gt4hist.xml",

    "cer": 0.16173434273916035,
    "wer": 0.3408239700374532,

    "n_characters": 1453,
    "n_words": 267
}