{
    "gt": "/home/cnd/tmp/dev/ocr_eval_paper/impact/00525498.gt.xml",
    "ocr": "/home/cnd/tmp/dev/ocr_eval_paper/impact/00525498.gt4hist.xml",

    "cer": 0.20578566732412887,
    "wer": 0.4618055555555556,

    "n_characters": 1521,
    "n_words": 288
}