{
    "gt": "/home/cnd/tmp/dev/ocr_eval_paper/impact/00525480.gt.xml",
    "ocr": "/home/cnd/tmp/dev/ocr_eval_paper/impact/00525480.gt4hist.xml",

    "cer": 0.16342648845686514,
    "wer": 0.4158415841584158,

    "n_characters": 1646,
    "n_words": 303
}