{
    "gt": "/home/cnd/tmp/dev/ocr_eval_paper/impact/00525466.gt.xml",
    "ocr": "/home/cnd/tmp/dev/ocr_eval_paper/impact/00525466.gt4hist.xml",

    "cer": 0.24382097528390115,
    "wer": 0.49280575539568344,

    "n_characters": 1497,
    "n_words": 278
}