{
    "gt": "/home/cnd/tmp/dev/ocr_eval_paper/impact/00525455.gt.xml",
    "ocr": "/home/cnd/tmp/dev/ocr_eval_paper/impact/00525455.gt4hist.xml",

    "cer": 0.21750663129973474,
    "wer": 0.4236111111111111,

    "n_characters": 1508,
    "n_words": 288
}