{
    "gt": "/home/cnd/tmp/dev/ocr_eval_paper/impact/00525496.gt.xml",
    "ocr": "/home/cnd/tmp/dev/ocr_eval_paper/impact/00525496.gt4hist.xml",

    "cer": 0.19255050505050506,
    "wer": 0.40789473684210525,

    "n_characters": 1584,
    "n_words": 304
}