{
    "gt": "/home/cnd/tmp/dev/ocr_eval_paper/impact/00525448.gt.xml",
    "ocr": "/home/cnd/tmp/dev/ocr_eval_paper/impact/00525448.eng.xml",

    "cer": 0.10803511141120864,
    "wer": 0.37906137184115524,

    "n_characters": 1481,
    "n_words": 277
}