{
    "gt": "/home/cnd/tmp/dev/ocr_eval_paper/impact/00525438.gt.xml",
    "ocr": "/home/cnd/tmp/dev/ocr_eval_paper/impact/00525438.eng.xml",

    "cer": 0.09297297297297297,
    "wer": 0.3028571428571429,

    "n_characters": 925,
    "n_words": 175
}