{
    "gt": "/home/cnd/tmp/dev/ocr_eval_paper/impact/00525475.gt.xml",
    "ocr": "/home/cnd/tmp/dev/ocr_eval_paper/impact/00525475.eng.xml",

    "cer": 0.16881443298969073,
    "wer": 0.3821428571428571,

    "n_characters": 1552,
    "n_words": 280
}