{
    "gt": "/home/cnd/tmp/dev/ocr_eval_paper/impact/00525446.gt.xml",
    "ocr": "/home/cnd/tmp/dev/ocr_eval_paper/impact/00525446.eng.xml",

    "cer": 0.10186513629842181,
    "wer": 0.29850746268656714,

    "n_characters": 1394,
    "n_words": 268
}