{
    "gt": "/home/cnd/tmp/dev/ocr_eval_paper/impact/00525462.gt.xml",
    "ocr": "/home/cnd/tmp/dev/ocr_eval_paper/impact/00525462.eng.xml",

    "cer": 0.16986120290812953,
    "wer": 0.39285714285714285,

    "n_characters": 1513,
    "n_words": 280
}