{
    "gt": "/home/cnd/tmp/dev/ocr_eval_paper/impact/00525436.gt.xml",
    "ocr": "/home/cnd/tmp/dev/ocr_eval_paper/impact/00525436.eng.xml",

    "cer": 0.06602564102564103,
    "wer": 0.2624113475177305,

    "n_characters": 1560,
    "n_words": 282
}