{
    "gt": "/home/cnd/tmp/dev/ocr_eval_paper/impact/00525469.gt.xml",
    "ocr": "/home/cnd/tmp/dev/ocr_eval_paper/impact/00525469.gt4hist.xml",

    "cer": 0.22177954847277556,
    "wer": 0.40860215053763443,

    "n_characters": 1506,
    "n_words": 279
}