{
    "gt": "/home/cnd/tmp/dev/ocr_eval_paper/impact/00525442.gt.xml",
    "ocr": "/home/cnd/tmp/dev/ocr_eval_paper/impact/00525442.gt4hist.xml",

    "cer": 0.1105006105006105,
    "wer": 0.3639344262295082,

    "n_characters": 1638,
    "n_words": 305
}