{
    "gt": "/home/cnd/tmp/dev/ocr_eval_paper/impact/00525489.gt.xml",
    "ocr": "/home/cnd/tmp/dev/ocr_eval_paper/impact/00525489.gt4hist.xml",

    "cer": 0.35695764909248057,
    "wer": 0.5416666666666666,

    "n_characters": 1157,
    "n_words": 216
}