{
    "gt": "/home/cnd/tmp/dev/ocr_eval_paper/impact/00525451.gt.xml",
    "ocr": "/home/cnd/tmp/dev/ocr_eval_paper/impact/00525451.eng.xml",

    "cer": 0.13953488372093023,
    "wer": 0.3923076923076923,

    "n_characters": 1419,
    "n_words": 260
}