{
    "gt": "/home/cnd/tmp/dev/ocr_eval_paper/impact/00525454.gt.xml",
    "ocr": "/home/cnd/tmp/dev/ocr_eval_paper/impact/00525454.eng.xml",

    "cer": 0.09072305593451568,
    "wer": 0.2690909090909091,

    "n_characters": 1466,
    "n_words": 275
}