{
    "gt": "/home/cnd/tmp/dev/ocr_eval_paper/impact/00525440.gt.xml",
    "ocr": "/home/cnd/tmp/dev/ocr_eval_paper/impact/00525440.eng.xml",

    "cer": 0.3494809688581315,
    "wer": 0.4827586206896552,

    "n_characters": 289,
    "n_words": 58
}