{
    "gt": "/home/cnd/tmp/dev/ocr_eval_paper/impact/00525469.gt.xml",
    "ocr": "/home/cnd/tmp/dev/ocr_eval_paper/impact/00525469.eng.xml",

    "cer": 0.2104913678618858,
    "wer": 0.44086021505376344,

    "n_characters": 1506,
    "n_words": 279
}