{
    "gt": "/home/cnd/tmp/dev/ocr_eval_paper/impact/00525437.gt.xml",
    "ocr": "/home/cnd/tmp/dev/ocr_eval_paper/impact/00525437.eng.xml",

    "cer": 0.08130601792573623,
    "wer": 0.2983050847457627,

    "n_characters": 1562,
    "n_words": 295
}