{
    "gt": "/home/cnd/tmp/dev/ocr_eval_paper/impact/00525487.gt.xml",
    "ocr": "/home/cnd/tmp/dev/ocr_eval_paper/impact/00525487.gt4hist.xml",

    "cer": 0.16655694535878868,
    "wer": 0.4181184668989547,

    "n_characters": 1519,
    "n_words": 287
}