{
    "gt": "/home/cnd/tmp/dev/ocr_eval_paper/impact/00525483.gt.xml",
    "ocr": "/home/cnd/tmp/dev/ocr_eval_paper/impact/00525483.eng.xml",

    "cer": 0.1584664536741214,
    "wer": 0.4061433447098976,

    "n_characters": 1565,
    "n_words": 293
}