{
    "gt": "/home/cnd/tmp/dev/ocr_eval_paper/impact/00525467.gt.xml",
    "ocr": "/home/cnd/tmp/dev/ocr_eval_paper/impact/00525467.gt4hist.xml",

    "cer": 0.2752411575562701,
    "wer": 0.565068493150685,

    "n_characters": 1555,
    "n_words": 292
}