{
    "gt": "/home/cnd/tmp/dev/ocr_eval_paper/impact/00525495.gt.xml",
    "ocr": "/home/cnd/tmp/dev/ocr_eval_paper/impact/00525495.eng.xml",

    "cer": 0.21230398069963813,
    "wer": 0.4495114006514658,

    "n_characters": 1658,
    "n_words": 307
}