{
    "gt": "/home/cnd/tmp/dev/ocr_eval_paper/impact/00525456.gt.xml",
    "ocr": "/home/cnd/tmp/dev/ocr_eval_paper/impact/00525456.eng.xml",

    "cer": 0.1013470173187941,
    "wer": 0.32525951557093424,

    "n_characters": 1559,
    "n_words": 289
}