{
    "gt": "/home/cnd/tmp/dev/ocr_eval_paper/impact/00525472.gt.xml",
    "ocr": "/home/cnd/tmp/dev/ocr_eval_paper/impact/00525472.gt4hist.xml",

    "cer": 0.2440068493150685,
    "wer": 0.48878923766816146,

    "n_characters": 1168,
    "n_words": 223
}