{
    "gt": "/home/cnd/tmp/dev/ocr_eval_paper/impact/00525476.gt.xml",
    "ocr": "/home/cnd/tmp/dev/ocr_eval_paper/impact/00525476.gt4hist.xml",

    "cer": 0.11889035667107001,
    "wer": 0.27472527472527475,

    "n_characters": 1514,
    "n_words": 273
}