{
    "gt": "/home/cnd/tmp/dev/ocr_eval_paper/impact/00525497.gt.xml",
    "ocr": "/home/cnd/tmp/dev/ocr_eval_paper/impact/00525497.gt4hist.xml",

    "cer": 0.17011927181418707,
    "wer": 0.35737704918032787,

    "n_characters": 1593,
    "n_words": 305
}