{
    "gt": "/home/cnd/tmp/dev/ocr_eval_paper/impact/00525490.gt.xml",
    "ocr": "/home/cnd/tmp/dev/ocr_eval_paper/impact/00525490.gt4hist.xml",

    "cer": 0.21191222570532917,
    "wer": 0.5250836120401338,

    "n_characters": 1595,
    "n_words": 299
}