{
    "gt": "/home/cnd/tmp/dev/ocr_eval_paper/impact/00525459.gt.xml",
    "ocr": "/home/cnd/tmp/dev/ocr_eval_paper/impact/00525459.eng.xml",

    "cer": 0.18031658637302134,
    "wer": 0.3857677902621723,

    "n_characters": 1453,
    "n_words": 267
}