{
    "gt": "/home/cnd/tmp/dev/ocr_eval_paper/impact/00525443.gt.xml",
    "ocr": "/home/cnd/tmp/dev/ocr_eval_paper/impact/00525443.gt4hist.xml",

    "cer": 0.1517632241813602,
    "wer": 0.3389261744966443,

    "n_characters": 1588,
    "n_words": 298
}