{
    "gt": "/home/cnd/tmp/dev/ocr_eval_paper/impact/00525441.gt.xml",
    "ocr": "/home/cnd/tmp/dev/ocr_eval_paper/impact/00525441.gt4hist.xml",

    "cer": 0.15306122448979592,
    "wer": 0.4264705882352941,

    "n_characters": 784,
    "n_words": 136
}