{
    "gt": "/home/cnd/tmp/dev/ocr_eval_paper/impact/00525463.gt.xml",
    "ocr": "/home/cnd/tmp/dev/ocr_eval_paper/impact/00525463.gt4hist.xml",

    "cer": 0.26103646833013433,
    "wer": 0.46153846153846156,

    "n_characters": 1563,
    "n_words": 299
}