{
    "gt": "/home/cnd/tmp/dev/ocr_eval_paper/impact/00525479.gt.xml",
    "ocr": "/home/cnd/tmp/dev/ocr_eval_paper/impact/00525479.eng.xml",

    "cer": 0.20719844357976655,
    "wer": 0.4105263157894737,

    "n_characters": 1028,
    "n_words": 190
}