{
    "gt": "/home/cnd/tmp/dev/ocr_eval_paper/impact/00525474.gt.xml",
    "ocr": "/home/cnd/tmp/dev/ocr_eval_paper/impact/00525474.eng.xml",

    "cer": 0.15528350515463918,
    "wer": 0.4155405405405405,

    "n_characters": 1552,
    "n_words": 296
}