{
    "gt": "/home/cnd/tmp/dev/ocr_eval_paper/impact/00525486.gt.xml",
    "ocr": "/home/cnd/tmp/dev/ocr_eval_paper/impact/00525486.eng.xml",

    "cer": 0.14007782101167315,
    "wer": 0.34275618374558303,

    "n_characters": 1542,
    "n_words": 283
}