{
    "gt": "/home/cnd/tmp/dev/ocr_eval_paper/impact/00525455.gt.xml",
    "ocr": "/home/cnd/tmp/dev/ocr_eval_paper/impact/00525455.eng.xml",

    "cer": 0.16578249336870027,
    "wer": 0.3472222222222222,

    "n_characters": 1508,
    "n_words": 288
}