{
    "gt": "/home/cnd/tmp/dev/ocr_eval_paper/impact/00539295.gt.xml",
    "ocr": "/home/cnd/tmp/dev/ocr_eval_paper/impact/00539295.gt4hist.xml",

    "cer": 0.11174089068825911,
    "wer": 0.3581395348837209,

    "n_characters": 1235,
    "n_words": 215
}