{
    "gt": "/home/cnd/tmp/dev/ocr_eval_paper/impact/00539328.gt.xml",
    "ocr": "/home/cnd/tmp/dev/ocr_eval_paper/impact/00539328.gt4hist.xml",

    "cer": 0.05756276791181874,
    "wer": 0.1434108527131783,

    "n_characters": 1633,
    "n_words": 258
}