{
    "gt": "/home/cnd/tmp/dev/ocr_eval_paper/impact/00539309.gt.xml",
    "ocr": "/home/cnd/tmp/dev/ocr_eval_paper/impact/00539309.nld.xml",

    "cer": 0.07457898957497995,
    "wer": 0.1619047619047619,

    "n_characters": 1247,
    "n_words": 210
}