{
    "gt": "/home/cnd/tmp/dev/ocr_eval_paper/impact/00539345.gt.xml",
    "ocr": "/home/cnd/tmp/dev/ocr_eval_paper/impact/00539345.gt4hist.xml",

    "cer": 0.11068943706514864,
    "wer": 0.26591760299625467,

    "n_characters": 1581,
    "n_words": 267
}