{
    "gt": "/home/cnd/tmp/dev/ocr_eval_paper/impact/00539290.gt.xml",
    "ocr": "/home/cnd/tmp/dev/ocr_eval_paper/impact/00539290.nld.xml",

    "cer": 0.11085626911314984,
    "wer": 0.1689497716894977,

    "n_characters": 1308,
    "n_words": 219
}