{
    "gt": "/home/cnd/tmp/dev/ocr_eval_paper/impact/00539294.gt.xml",
    "ocr": "/home/cnd/tmp/dev/ocr_eval_paper/impact/00539294.nld.xml",

    "cer": 0.05996884735202492,
    "wer": 0.13023255813953488,

    "n_characters": 1284,
    "n_words": 215
}