{
    "gt": "/home/cnd/tmp/dev/ocr_eval_paper/impact/00539361.gt.xml",
    "ocr": "/home/cnd/tmp/dev/ocr_eval_paper/impact/00539361.nld.xml",

    "cer": 0.05939947780678851,
    "wer": 0.13636363636363635,

    "n_characters": 1532,
    "n_words": 264
}