{
    "gt": "/home/cnd/tmp/dev/ocr_eval_paper/impact/00539321.gt.xml",
    "ocr": "/home/cnd/tmp/dev/ocr_eval_paper/impact/00539321.nld.xml",

    "cer": 0.058385093167701865,
    "wer": 0.09259259259259259,

    "n_characters": 1610,
    "n_words": 270
}