{
    "gt": "/home/cnd/tmp/dev/ocr_eval_paper/impact/00539360.gt.xml",
    "ocr": "/home/cnd/tmp/dev/ocr_eval_paper/impact/00539360.nld.xml",

    "cer": 0.047058823529411764,
    "wer": 0.07017543859649122,

    "n_characters": 1615,
    "n_words": 285
}