{
    "gt": "/home/cnd/tmp/dev/ocr_eval_paper/impact/00539288.gt.xml",
    "ocr": "/home/cnd/tmp/dev/ocr_eval_paper/impact/00539288.gt4hist.xml",

    "cer": 0.1248097412480974,
    "wer": 0.3632286995515695,

    "n_characters": 1314,
    "n_words": 223
}