{
    "gt": "/home/cnd/tmp/dev/ocr_eval_paper/impact/00539291.gt.xml",
    "ocr": "/home/cnd/tmp/dev/ocr_eval_paper/impact/00539291.gt4hist.xml",

    "cer": 0.1497695852534562,
    "wer": 0.32608695652173914,

    "n_characters": 1302,
    "n_words": 230
}