{
    "gt": "/home/cnd/tmp/dev/ocr_eval_paper/impact/00539363.gt.xml",
    "ocr": "/home/cnd/tmp/dev/ocr_eval_paper/impact/00539363.nld.xml",

    "cer": 0.056518946692357096,
    "wer": 0.13438735177865613,

    "n_characters": 1557,
    "n_words": 253
}