{
    "gt": "/home/cnd/tmp/dev/ocr_eval_paper/impact/00539300.gt.xml",
    "ocr": "/home/cnd/tmp/dev/ocr_eval_paper/impact/00539300.nld.xml",

    "cer": 0.10017574692442882,
    "wer": 0.22167487684729065,

    "n_characters": 1138,
    "n_words": 203
}