{
    "gt": "/home/cnd/tmp/dev/ocr_eval_paper/impact/00539304.gt.xml",
    "ocr": "/home/cnd/tmp/dev/ocr_eval_paper/impact/00539304.gt4hist.xml",

    "cer": 0.18756268806419257,
    "wer": 0.32571428571428573,

    "n_characters": 997,
    "n_words": 175
}