{
    "gt": "/home/cnd/tmp/dev/ocr_eval_paper/impact/00539360.gt.xml",
    "ocr": "/home/cnd/tmp/dev/ocr_eval_paper/impact/00539360.gt4hist.xml",

    "cer": 0.12260061919504645,
    "wer": 0.3017543859649123,

    "n_characters": 1615,
    "n_words": 285
}