{
    "gt": "/home/cnd/tmp/dev/ocr_eval_paper/impact/00539308.gt.xml",
    "ocr": "/home/cnd/tmp/dev/ocr_eval_paper/impact/00539308.gt4hist.xml",

    "cer": 0.19629927594529364,
    "wer": 0.4669811320754717,

    "n_characters": 1243,
    "n_words": 212
}