{
    "gt": "/home/cnd/tmp/dev/ocr_eval_paper/impact/00539338.gt.xml",
    "ocr": "/home/cnd/tmp/dev/ocr_eval_paper/impact/00539338.nld.xml",

    "cer": 0.08637236084452975,
    "wer": 0.10606060606060606,

    "n_characters": 1563,
    "n_words": 264
}