{
    "gt": "/home/cnd/tmp/dev/ocr_eval_paper/impact/00539324.gt.xml",
    "ocr": "/home/cnd/tmp/dev/ocr_eval_paper/impact/00539324.nld.xml",

    "cer": 0.12617702448210924,
    "wer": 0.1532567049808429,

    "n_characters": 1593,
    "n_words": 261
}