{
    "gt": "/home/cnd/tmp/dev/ocr_eval_paper/impact/00539303.gt.xml",
    "ocr": "/home/cnd/tmp/dev/ocr_eval_paper/impact/00539303.nld.xml",

    "cer": 0.11588785046728972,
    "wer": 0.21693121693121692,

    "n_characters": 1070,
    "n_words": 189
}