{
    "gt": "/home/cnd/tmp/dev/ocr_eval_paper/impact/00539332.gt.xml",
    "ocr": "/home/cnd/tmp/dev/ocr_eval_paper/impact/00539332.nld.xml",

    "cer": 0.07590966122961104,
    "wer": 0.145748987854251,

    "n_characters": 1594,
    "n_words": 247
}