{
    "gt": "/home/cnd/tmp/dev/ocr_eval_paper/impact/00539292.gt.xml",
    "ocr": "/home/cnd/tmp/dev/ocr_eval_paper/impact/00539292.nld.xml",

    "cer": 0.06146926536731634,
    "wer": 0.1415525114155251,

    "n_characters": 1334,
    "n_words": 219
}