{
    "gt": "/home/cnd/tmp/dev/ocr_eval_paper/impact/00539366.gt.xml",
    "ocr": "/home/cnd/tmp/dev/ocr_eval_paper/impact/00539366.nld.xml",

    "cer": 0.05236907730673317,
    "wer": 0.13108614232209737,

    "n_characters": 1604,
    "n_words": 267
}