{
    "gt": "/home/cnd/tmp/dev/ocr_eval_paper/impact/00539289.gt.xml",
    "ocr": "/home/cnd/tmp/dev/ocr_eval_paper/impact/00539289.gt4hist.xml",

    "cer": 0.09992372234935164,
    "wer": 0.32547169811320753,

    "n_characters": 1311,
    "n_words": 212
}