{
    "gt": "/home/cnd/tmp/dev/ocr_eval_paper/impact/00539311.gt.xml",
    "ocr": "/home/cnd/tmp/dev/ocr_eval_paper/impact/00539311.nld.xml",

    "cer": 0.13121019108280255,
    "wer": 0.23529411764705882,

    "n_characters": 785,
    "n_words": 136
}