{
    "gt": "/home/cnd/tmp/dev/ocr_eval_paper/impact/00539296.gt.xml",
    "ocr": "/home/cnd/tmp/dev/ocr_eval_paper/impact/00539296.gt4hist.xml",

    "cer": 0.1982142857142857,
    "wer": 0.4182692307692308,

    "n_characters": 1120,
    "n_words": 208
}