{
    "gt": "/home/cnd/tmp/dev/ocr_eval_paper/impact/00539325.gt.xml",
    "ocr": "/home/cnd/tmp/dev/ocr_eval_paper/impact/00539325.gt4hist.xml",

    "cer": 0.1554054054054054,
    "wer": 0.43010752688172044,

    "n_characters": 1628,
    "n_words": 279
}