{
    "gt": "/home/cnd/tmp/dev/ocr_eval_paper/impact/00539297.gt.xml",
    "ocr": "/home/cnd/tmp/dev/ocr_eval_paper/impact/00539297.nld.xml",

    "cer": 0.12445414847161572,
    "wer": 0.2830188679245283,

    "n_characters": 916,
    "n_words": 159
}