{
    "gt": "/home/cnd/tmp/dev/ocr_eval_paper/impact/00539351.gt.xml",
    "ocr": "/home/cnd/tmp/dev/ocr_eval_paper/impact/00539351.nld.xml",

    "cer": 0.05269761606022585,
    "wer": 0.12547528517110265,

    "n_characters": 1594,
    "n_words": 263
}