{
    "gt": "/home/cnd/tmp/dev/ocr_eval_paper/impact/00539371.gt.xml",
    "ocr": "/home/cnd/tmp/dev/ocr_eval_paper/impact/00539371.gt4hist.xml",

    "cer": 0.1559278350515464,
    "wer": 0.44150943396226416,

    "n_characters": 1552,
    "n_words": 265
}