{
    "gt": "/home/cnd/tmp/dev/ocr_eval_paper/impact/00539277.gt.xml",
    "ocr": "/home/cnd/tmp/dev/ocr_eval_paper/impact/00539277.gt4hist.xml",

    "cer": 0.121285140562249,
    "wer": 0.3532110091743119,

    "n_characters": 1245,
    "n_words": 218
}