{
    "gt": "/home/cnd/tmp/dev/ocr_eval_paper/impact/00539348.gt.xml",
    "ocr": "/home/cnd/tmp/dev/ocr_eval_paper/impact/00539348.nld.xml",

    "cer": 0.05749354005167959,
    "wer": 0.14960629921259844,

    "n_characters": 1548,
    "n_words": 254
}