{
    "gt": "/home/cnd/tmp/dev/ocr_eval_paper/impact/00539359.gt.xml",
    "ocr": "/home/cnd/tmp/dev/ocr_eval_paper/impact/00539359.nld.xml",

    "cer": 0.05818181818181818,
    "wer": 0.12544802867383512,

    "n_characters": 1650,
    "n_words": 279
}