{
    "gt": "/home/cnd/tmp/dev/ocr_eval_paper/impact/00539358.gt.xml",
    "ocr": "/home/cnd/tmp/dev/ocr_eval_paper/impact/00539358.gt4hist.xml",

    "cer": 0.17287917737789202,
    "wer": 0.42857142857142855,

    "n_characters": 1556,
    "n_words": 273
}