{
    "gt": "/home/cnd/tmp/dev/ocr_eval_paper/impact/00539322.gt.xml",
    "ocr": "/home/cnd/tmp/dev/ocr_eval_paper/impact/00539322.gt4hist.xml",

    "cer": 0.16271820448877805,
    "wer": 0.27177700348432055,

    "n_characters": 1604,
    "n_words": 287
}