{
    "gt": "/home/cnd/tmp/dev/ocr_eval_paper/impact/00539319.gt.xml",
    "ocr": "/home/cnd/tmp/dev/ocr_eval_paper/impact/00539319.nld.xml",

    "cer": 0.04466501240694789,
    "wer": 0.08450704225352113,

    "n_characters": 1612,
    "n_words": 284
}