{
    "gt": "/home/cnd/tmp/dev/ocr_eval_paper/impact/00539317.gt.xml",
    "ocr": "/home/cnd/tmp/dev/ocr_eval_paper/impact/00539317.nld.xml",

    "cer": 0.04401735895846249,
    "wer": 0.08759124087591241,

    "n_characters": 1613,
    "n_words": 274
}