{
    "gt": "/home/cnd/tmp/dev/ocr_eval_paper/impact/00539329.gt.xml",
    "ocr": "/home/cnd/tmp/dev/ocr_eval_paper/impact/00539329.nld.xml",

    "cer": 0.06742925948223961,
    "wer": 0.14885496183206107,

    "n_characters": 1661,
    "n_words": 262
}