{
    "gt": "/home/cnd/tmp/dev/ocr_eval_paper/impact/00539326.gt.xml",
    "ocr": "/home/cnd/tmp/dev/ocr_eval_paper/impact/00539326.nld.xml",

    "cer": 0.08711433756805807,
    "wer": 0.10526315789473684,

    "n_characters": 1653,
    "n_words": 285
}