{
    "gt": "/home/cnd/tmp/dev/ocr_eval_paper/impact/00539307.gt.xml",
    "ocr": "/home/cnd/tmp/dev/ocr_eval_paper/impact/00539307.gt4hist.xml",

    "cer": 0.145748987854251,
    "wer": 0.47393364928909953,

    "n_characters": 1235,
    "n_words": 211
}