{
    "gt": "/home/cnd/tmp/dev/ocr_eval_paper/impact/00539373.gt.xml",
    "ocr": "/home/cnd/tmp/dev/ocr_eval_paper/impact/00539373.gt4hist.xml",

    "cer": 0.12188895979578813,
    "wer": 0.352059925093633,

    "n_characters": 1567,
    "n_words": 267
}