{
    "gt": "/home/cnd/tmp/dev/ocr_eval_paper/impact/00539290.gt.xml",
    "ocr": "/home/cnd/tmp/dev/ocr_eval_paper/impact/00539290.gt4hist.xml",

    "cer": 0.12691131498470948,
    "wer": 0.2785388127853881,

    "n_characters": 1308,
    "n_words": 219
}