{
    "gt": "/home/cnd/tmp/dev/ocr_eval_paper/impact/00539280.gt.xml",
    "ocr": "/home/cnd/tmp/dev/ocr_eval_paper/impact/00539280.gt4hist.xml",

    "cer": 0.17768595041322313,
    "wer": 0.5258215962441315,

    "n_characters": 1210,
    "n_words": 213
}