{
    "gt": "/home/cnd/tmp/dev/ocr_eval_paper/impact/00539362.gt.xml",
    "ocr": "/home/cnd/tmp/dev/ocr_eval_paper/impact/00539362.gt4hist.xml",

    "cer": 0.15205047318611986,
    "wer": 0.37410071942446044,

    "n_characters": 1585,
    "n_words": 278
}