{
    "gt": "/home/cnd/tmp/dev/ocr_eval_paper/impact/00539346.gt.xml",
    "ocr": "/home/cnd/tmp/dev/ocr_eval_paper/impact/00539346.nld.xml",

    "cer": 0.10577547047371837,
    "wer": 0.13157894736842105,

    "n_characters": 1541,
    "n_words": 266
}