{
    "gt": "/home/cnd/tmp/dev/ocr_eval_paper/impact/00539328.gt.xml",
    "ocr": "/home/cnd/tmp/dev/ocr_eval_paper/impact/00539328.nld.xml",

    "cer": 0.06613594611145132,
    "wer": 0.16666666666666666,

    "n_characters": 1633,
    "n_words": 258
}