{
    "gt": "/home/cnd/tmp/dev/ocr_eval_paper/impact/00539294.gt.xml",
    "ocr": "/home/cnd/tmp/dev/ocr_eval_paper/impact/00539294.gt4hist.xml",

    "cer": 0.09034267912772585,
    "wer": 0.26976744186046514,

    "n_characters": 1284,
    "n_words": 215
}