{
    "gt": "/home/cnd/tmp/dev/ocr_eval_paper/impact/00539292.gt.xml",
    "ocr": "/home/cnd/tmp/dev/ocr_eval_paper/impact/00539292.gt4hist.xml",

    "cer": 0.10794602698650675,
    "wer": 0.3515981735159817,

    "n_characters": 1334,
    "n_words": 219
}