{
    "gt": "/home/cnd/tmp/dev/ocr_eval_paper/impact/00539326.gt.xml",
    "ocr": "/home/cnd/tmp/dev/ocr_eval_paper/impact/00539326.gt4hist.xml",

    "cer": 0.1119177253478524,
    "wer": 0.20350877192982456,

    "n_characters": 1653,
    "n_words": 285
}