{
    "gt": "/home/cnd/tmp/dev/ocr_eval_paper/impact/00539342.gt.xml",
    "ocr": "/home/cnd/tmp/dev/ocr_eval_paper/impact/00539342.gt4hist.xml",

    "cer": 0.10163934426229508,
    "wer": 0.1383399209486166,

    "n_characters": 1525,
    "n_words": 253
}