{
    "gt": "/home/cnd/tmp/dev/ocr_eval_paper/impact/00539276.gt.xml",
    "ocr": "/home/cnd/tmp/dev/ocr_eval_paper/impact/00539276.gt4hist.xml",

    "cer": 0.17729393468118196,
    "wer": 0.4185022026431718,

    "n_characters": 1286,
    "n_words": 227
}