{
    "gt": "/home/cnd/tmp/dev/ocr_eval_paper/impact/00539287.gt.xml",
    "ocr": "/home/cnd/tmp/dev/ocr_eval_paper/impact/00539287.nld.xml",

    "cer": 0.0903010033444816,
    "wer": 0.24873096446700507,

    "n_characters": 1196,
    "n_words": 197
}