{
    "gt": "/home/cnd/tmp/dev/ocr_eval_paper/impact/00539284.gt.xml",
    "ocr": "/home/cnd/tmp/dev/ocr_eval_paper/impact/00539284.nld.xml",

    "cer": 0.0864575363427697,
    "wer": 0.20276497695852536,

    "n_characters": 1307,
    "n_words": 217
}