{
    "gt": "/home/cnd/tmp/dev/ocr_eval_paper/impact/00539298.gt.xml",
    "ocr": "/home/cnd/tmp/dev/ocr_eval_paper/impact/00539298.nld.xml",

    "cer": 0.07729007633587787,
    "wer": 0.18232044198895028,

    "n_characters": 1048,
    "n_words": 181
}