{
    "gt": "/home/cnd/tmp/dev/ocr_eval_paper/impact/00539367.gt.xml",
    "ocr": "/home/cnd/tmp/dev/ocr_eval_paper/impact/00539367.nld.xml",

    "cer": 0.04977664326738992,
    "wer": 0.10606060606060606,

    "n_characters": 1567,
    "n_words": 264
}