{
    "gt": "/home/cnd/tmp/dev/ocr_eval_paper/impact/00539285.gt.xml",
    "ocr": "/home/cnd/tmp/dev/ocr_eval_paper/impact/00539285.nld.xml",

    "cer": 0.06816421378776143,
    "wer": 0.18807339449541285,

    "n_characters": 1291,
    "n_words": 218
}