{
    "gt": "/home/cnd/tmp/dev/ocr_eval_paper/impact/00539357.gt.xml",
    "ocr": "/home/cnd/tmp/dev/ocr_eval_paper/impact/00539357.gt4hist.xml",

    "cer": 0.11146496815286625,
    "wer": 0.3346613545816733,

    "n_characters": 1570,
    "n_words": 251
}