{
    "gt": "/home/cnd/tmp/dev/ocr_eval_paper/impact/00539315.gt.xml",
    "ocr": "/home/cnd/tmp/dev/ocr_eval_paper/impact/00539315.nld.xml",

    "cer": 0.04159021406727829,
    "wer": 0.08561643835616438,

    "n_characters": 1635,
    "n_words": 292
}