{
    "gt": "/home/cnd/tmp/dev/ocr_eval_paper/impact/00539278.gt.xml",
    "ocr": "/home/cnd/tmp/dev/ocr_eval_paper/impact/00539278.nld.xml",

    "cer": 0.10452674897119342,
    "wer": 0.16346153846153846,

    "n_characters": 1215,
    "n_words": 208
}