{
    "gt": "/home/cnd/tmp/dev/ocr_eval_paper/impact/00539342.gt.xml",
    "ocr": "/home/cnd/tmp/dev/ocr_eval_paper/impact/00539342.nld.xml",

    "cer": 0.08786885245901639,
    "wer": 0.1067193675889328,

    "n_characters": 1525,
    "n_words": 253
}