{
    "gt": "/home/cnd/tmp/dev/ocr_eval_paper/impact/00539332.gt.xml",
    "ocr": "/home/cnd/tmp/dev/ocr_eval_paper/impact/00539332.gt4hist.xml",

    "cer": 0.0903387703889586,
    "wer": 0.2145748987854251,

    "n_characters": 1594,
    "n_words": 247
}