{
    "gt": "/home/cnd/tmp/dev/ocr_eval_paper/impact/00539355.gt.xml",
    "ocr": "/home/cnd/tmp/dev/ocr_eval_paper/impact/00539355.nld.xml",

    "cer": 0.07620237351655215,
    "wer": 0.16605166051660517,

    "n_characters": 1601,
    "n_words": 271
}