{
    "gt": "/home/cnd/tmp/dev/ocr_eval_paper/impact/00539356.gt.xml",
    "ocr": "/home/cnd/tmp/dev/ocr_eval_paper/impact/00539356.nld.xml",

    "cer": 0.0475609756097561,
    "wer": 0.10852713178294573,

    "n_characters": 1640,
    "n_words": 258
}