{
    "gt": "/home/cnd/tmp/dev/ocr_eval_paper/impact/00539369.gt.xml",
    "ocr": "/home/cnd/tmp/dev/ocr_eval_paper/impact/00539369.nld.xml",

    "cer": 0.0376078914919852,
    "wer": 0.08450704225352113,

    "n_characters": 1622,
    "n_words": 284
}