{
    "gt": "/home/cnd/tmp/dev/ocr_eval_paper/impact/00539331.gt.xml",
    "ocr": "/home/cnd/tmp/dev/ocr_eval_paper/impact/00539331.nld.xml",

    "cer": 0.08787128712871287,
    "wer": 0.1881918819188192,

    "n_characters": 1616,
    "n_words": 271
}