{
    "gt": "/home/cnd/tmp/dev/ocr_eval_paper/impact/00539364.gt.xml",
    "ocr": "/home/cnd/tmp/dev/ocr_eval_paper/impact/00539364.nld.xml",

    "cer": 0.04450095359186268,
    "wer": 0.09363295880149813,

    "n_characters": 1573,
    "n_words": 267
}