{
    "gt": "/home/cnd/tmp/dev/ocr_eval_paper/impact/00539349.gt.xml",
    "ocr": "/home/cnd/tmp/dev/ocr_eval_paper/impact/00539349.nld.xml",

    "cer": 0.07526881720430108,
    "wer": 0.17670682730923695,

    "n_characters": 1581,
    "n_words": 249
}