{
    "gt": "/home/cnd/tmp/dev/ocr_eval_paper/impact/00539316.gt.xml",
    "ocr": "/home/cnd/tmp/dev/ocr_eval_paper/impact/00539316.nld.xml",

    "cer": 0.04678007290400972,
    "wer": 0.08633093525179857,

    "n_characters": 1646,
    "n_words": 278
}