{
    "gt": "/home/cnd/tmp/dev/ocr_eval_paper/impact/00539318.gt.xml",
    "ocr": "/home/cnd/tmp/dev/ocr_eval_paper/impact/00539318.nld.xml",

    "cer": 0.09426987060998152,
    "wer": 0.09737827715355805,

    "n_characters": 1623,
    "n_words": 267
}