{
    "gt": "/home/cnd/tmp/dev/ocr_eval_paper/impact/00539346.gt.xml",
    "ocr": "/home/cnd/tmp/dev/ocr_eval_paper/impact/00539346.gt4hist.xml",

    "cer": 0.136275146009085,
    "wer": 0.22556390977443608,

    "n_characters": 1541,
    "n_words": 266
}