{
    "gt": "/home/cnd/tmp/dev/ocr_eval_paper/impact/00539339.gt.xml",
    "ocr": "/home/cnd/tmp/dev/ocr_eval_paper/impact/00539339.nld.xml",

    "cer": 0.0525990099009901,
    "wer": 0.1018867924528302,

    "n_characters": 1616,
    "n_words": 265
}