{
    "gt": "/home/cnd/tmp/dev/ocr_eval_paper/impact/00539331.gt.xml",
    "ocr": "/home/cnd/tmp/dev/ocr_eval_paper/impact/00539331.gt4hist.xml",

    "cer": 0.08663366336633663,
    "wer": 0.16605166051660517,

    "n_characters": 1616,
    "n_words": 271
}