{
    "gt": "/home/cnd/tmp/dev/ocr_eval_paper/impact/00539280.gt.xml",
    "ocr": "/home/cnd/tmp/dev/ocr_eval_paper/impact/00539280.nld.xml",

    "cer": 0.06611570247933884,
    "wer": 0.13615023474178403,

    "n_characters": 1210,
    "n_words": 213
}