{
    "gt": "/home/cnd/tmp/dev/ocr_eval_paper/impact/00539287.gt.xml",
    "ocr": "/home/cnd/tmp/dev/ocr_eval_paper/impact/00539287.gt4hist.xml",

    "cer": 0.10785953177257525,
    "wer": 0.37055837563451777,

    "n_characters": 1196,
    "n_words": 197
}