{
    "gt": "/home/cnd/tmp/dev/ocr_eval_paper/impact/00539340.gt.xml",
    "ocr": "/home/cnd/tmp/dev/ocr_eval_paper/impact/00539340.nld.xml",

    "cer": 0.1778875849289685,
    "wer": 0.2054263565891473,

    "n_characters": 1619,
    "n_words": 258
}