{
    "gt": "/home/cnd/tmp/dev/ocr_eval_paper/impact/00539344.gt.xml",
    "ocr": "/home/cnd/tmp/dev/ocr_eval_paper/impact/00539344.gt4hist.xml",

    "cer": 0.17792932424054556,
    "wer": 0.41472868217054265,

    "n_characters": 1613,
    "n_words": 258
}