{
    "gt": "/home/cnd/tmp/dev/ocr_eval_paper/impact/00539350.gt.xml",
    "ocr": "/home/cnd/tmp/dev/ocr_eval_paper/impact/00539350.nld.xml",

    "cer": 0.06770833333333333,
    "wer": 0.1520912547528517,

    "n_characters": 1536,
    "n_words": 263
}