{
    "gt": "/home/cnd/tmp/dev/ocr_eval_paper/impact/00539278.gt.xml",
    "ocr": "/home/cnd/tmp/dev/ocr_eval_paper/impact/00539278.gt4hist.xml",

    "cer": 0.18024691358024691,
    "wer": 0.36538461538461536,

    "n_characters": 1215,
    "n_words": 208
}