{
    "gt": "/home/cnd/tmp/dev/ocr_eval_paper/impact/00539301.gt.xml",
    "ocr": "/home/cnd/tmp/dev/ocr_eval_paper/impact/00539301.nld.xml",

    "cer": 0.10441767068273092,
    "wer": 0.23255813953488372,

    "n_characters": 996,
    "n_words": 172
}