{
    "gt": "/home/cnd/tmp/dev/ocr_eval_paper/impact/00539305.gt.xml",
    "ocr": "/home/cnd/tmp/dev/ocr_eval_paper/impact/00539305.nld.xml",

    "cer": 0.1080797481636936,
    "wer": 0.22699386503067484,

    "n_characters": 953,
    "n_words": 163
}