{
    "gt": "/home/cnd/tmp/dev/ocr_eval_paper/impact/00539371.gt.xml",
    "ocr": "/home/cnd/tmp/dev/ocr_eval_paper/impact/00539371.nld.xml",

    "cer": 0.061855670103092786,
    "wer": 0.12830188679245283,

    "n_characters": 1552,
    "n_words": 265
}