{
    "gt": "/home/cnd/tmp/dev/ocr_eval_paper/impact/00539345.gt.xml",
    "ocr": "/home/cnd/tmp/dev/ocr_eval_paper/impact/00539345.nld.xml",

    "cer": 0.05755850727387729,
    "wer": 0.11235955056179775,

    "n_characters": 1581,
    "n_words": 267
}