{
    "gt": "/home/cnd/tmp/dev/ocr_eval_paper/impact/00539284.gt.xml",
    "ocr": "/home/cnd/tmp/dev/ocr_eval_paper/impact/00539284.gt4hist.xml",

    "cer": 0.1423106350420811,
    "wer": 0.42857142857142855,

    "n_characters": 1307,
    "n_words": 217
}