{
    "gt": "/home/cnd/tmp/dev/ocr_eval_paper/impact/00539330.gt.xml",
    "ocr": "/home/cnd/tmp/dev/ocr_eval_paper/impact/00539330.nld.xml",

    "cer": 0.09571938168846611,
    "wer": 0.12773722627737227,

    "n_characters": 1682,
    "n_words": 274
}