{
    "gt": "/home/cnd/tmp/dev/ocr_eval_paper/impact/00539335.gt.xml",
    "ocr": "/home/cnd/tmp/dev/ocr_eval_paper/impact/00539335.nld.xml",

    "cer": 0.06241610738255034,
    "wer": 0.15352697095435686,

    "n_characters": 1490,
    "n_words": 241
}