{
    "gt": "/home/cnd/tmp/dev/ocr_eval_paper/impact/00539303.gt.xml",
    "ocr": "/home/cnd/tmp/dev/ocr_eval_paper/impact/00539303.gt4hist.xml",

    "cer": 0.2102803738317757,
    "wer": 0.42328042328042326,

    "n_characters": 1070,
    "n_words": 189
}