{
    "gt": "/home/cnd/tmp/dev/ocr_eval_paper/impact/00539282.gt.xml",
    "ocr": "/home/cnd/tmp/dev/ocr_eval_paper/impact/00539282.nld.xml",

    "cer": 0.05374592833876222,
    "wer": 0.10697674418604651,

    "n_characters": 1228,
    "n_words": 215
}