{
    "gt": "/home/cnd/tmp/dev/ocr_eval_paper/impact/00539324.gt.xml",
    "ocr": "/home/cnd/tmp/dev/ocr_eval_paper/impact/00539324.gt4hist.xml",

    "cer": 0.1318267419962335,
    "wer": 0.2567049808429119,

    "n_characters": 1593,
    "n_words": 261
}