{
    "gt": "/home/cnd/tmp/dev/ocr_eval_paper/impact/00539308.gt.xml",
    "ocr": "/home/cnd/tmp/dev/ocr_eval_paper/impact/00539308.nld.xml",

    "cer": 0.1246983105390185,
    "wer": 0.20754716981132076,

    "n_characters": 1243,
    "n_words": 212
}