{
    "gt": "/home/cnd/tmp/dev/ocr_eval_paper/impact/00539277.gt.xml",
    "ocr": "/home/cnd/tmp/dev/ocr_eval_paper/impact/00539277.nld.xml",

    "cer": 0.061847389558232935,
    "wer": 0.13302752293577982,

    "n_characters": 1245,
    "n_words": 218
}