{
    "gt": "/home/cnd/tmp/dev/ocr_eval_paper/impact/00539368.gt.xml",
    "ocr": "/home/cnd/tmp/dev/ocr_eval_paper/impact/00539368.gt4hist.xml",

    "cer": 0.0946441672780631,
    "wer": 0.2109704641350211,

    "n_characters": 1363,
    "n_words": 237
}