{
    "gt": "/home/cnd/tmp/dev/ocr_eval_paper/impact/00539336.gt.xml",
    "ocr": "/home/cnd/tmp/dev/ocr_eval_paper/impact/00539336.gt4hist.xml",

    "cer": 0.1397712833545108,
    "wer": 0.25680933852140075,

    "n_characters": 1574,
    "n_words": 257
}