{
    "gt": "/home/cnd/tmp/dev/ocr_eval_paper/impact/00539319.gt.xml",
    "ocr": "/home/cnd/tmp/dev/ocr_eval_paper/impact/00539319.gt4hist.xml",

    "cer": 0.07878411910669975,
    "wer": 0.2147887323943662,

    "n_characters": 1612,
    "n_words": 284
}