{
    "gt": "/home/cnd/tmp/dev/ocr_eval_paper/impact/00539275.gt.xml",
    "ocr": "/home/cnd/tmp/dev/ocr_eval_paper/impact/00539275.gt4hist.xml",

    "cer": 0.14853801169590644,
    "wer": 0.42567567567567566,

    "n_characters": 855,
    "n_words": 148
}