{
    "gt": "/home/cnd/tmp/dev/ocr_eval_paper/impact/00539281.gt.xml",
    "ocr": "/home/cnd/tmp/dev/ocr_eval_paper/impact/00539281.gt4hist.xml",

    "cer": 0.16746031746031745,
    "wer": 0.4890829694323144,

    "n_characters": 1260,
    "n_words": 229
}