{
    "gt": "/home/cnd/tmp/dev/ocr_eval_paper/impact/00539273.gt.xml",
    "ocr": "/home/cnd/tmp/dev/ocr_eval_paper/impact/00539273.gt4hist.xml",

    "cer": 0.26811594202898553,
    "wer": 0.4774774774774775,

    "n_characters": 690,
    "n_words": 111
}