{
    "gt": "/home/cnd/tmp/dev/ocr_eval_paper/impact/00539351.gt.xml",
    "ocr": "/home/cnd/tmp/dev/ocr_eval_paper/impact/00539351.gt4hist.xml",

    "cer": 0.1329987452948557,
    "wer": 0.34220532319391633,

    "n_characters": 1594,
    "n_words": 263
}