{
    "gt": "/home/cnd/tmp/dev/ocr_eval_paper/impact/00539339.gt.xml",
    "ocr": "/home/cnd/tmp/dev/ocr_eval_paper/impact/00539339.gt4hist.xml",

    "cer": 0.09282178217821782,
    "wer": 0.20754716981132076,

    "n_characters": 1616,
    "n_words": 265
}