{
    "gt": "/home/cnd/tmp/dev/ocr_eval_paper/impact/00539313.gt.xml",
    "ocr": "/home/cnd/tmp/dev/ocr_eval_paper/impact/00539313.nld.xml",

    "cer": 0.06965174129353234,
    "wer": 0.13793103448275862,

    "n_characters": 1608,
    "n_words": 261
}