{
    "gt": "/home/cnd/tmp/dev/ocr_eval_paper/impact/00539279.gt.xml",
    "ocr": "/home/cnd/tmp/dev/ocr_eval_paper/impact/00539279.gt4hist.xml",

    "cer": 0.1311881188118812,
    "wer": 0.4142857142857143,

    "n_characters": 1212,
    "n_words": 210
}