{
    "gt": "/home/cnd/tmp/dev/ocr_eval_paper/impact/00539293.gt.xml",
    "ocr": "/home/cnd/tmp/dev/ocr_eval_paper/impact/00539293.nld.xml",

    "cer": 0.0681635926222935,
    "wer": 0.17757009345794392,

    "n_characters": 1247,
    "n_words": 214
}