{
    "gt": "/home/cnd/tmp/dev/ocr_eval_paper/impact/00539367.gt.xml",
    "ocr": "/home/cnd/tmp/dev/ocr_eval_paper/impact/00539367.gt4hist.xml",

    "cer": 0.12125079770261646,
    "wer": 0.3181818181818182,

    "n_characters": 1567,
    "n_words": 264
}