{
    "gt": "/home/cnd/tmp/dev/ocr_eval_paper/impact/00539289.gt.xml",
    "ocr": "/home/cnd/tmp/dev/ocr_eval_paper/impact/00539289.nld.xml",

    "cer": 0.07475209763539283,
    "wer": 0.21226415094339623,

    "n_characters": 1311,
    "n_words": 212
}