{
    "gt": "/home/cnd/tmp/dev/ocr_eval_paper/impact/00539306.gt.xml",
    "ocr": "/home/cnd/tmp/dev/ocr_eval_paper/impact/00539306.nld.xml",

    "cer": 0.11169652265542676,
    "wer": 0.2641509433962264,

    "n_characters": 949,
    "n_words": 159
}