{
    "gt": "/home/cnd/tmp/dev/ocr_eval_paper/impact/00539297.gt.xml",
    "ocr": "/home/cnd/tmp/dev/ocr_eval_paper/impact/00539297.gt4hist.xml",

    "cer": 0.19759825327510916,
    "wer": 0.5534591194968553,

    "n_characters": 916,
    "n_words": 159
}