{
    "gt": "/home/cnd/tmp/dev/ocr_eval_paper/impact/00539317.gt.xml",
    "ocr": "/home/cnd/tmp/dev/ocr_eval_paper/impact/00539317.gt4hist.xml",

    "cer": 0.07067575945443273,
    "wer": 0.19343065693430658,

    "n_characters": 1613,
    "n_words": 274
}