{
    "gt": "/home/cnd/tmp/dev/ocr_eval_paper/impact/00539373.gt.xml",
    "ocr": "/home/cnd/tmp/dev/ocr_eval_paper/impact/00539373.nld.xml",

    "cer": 0.03254626675175495,
    "wer": 0.04868913857677903,

    "n_characters": 1567,
    "n_words": 267
}