{
    "gt": "/home/cnd/tmp/dev/ocr_eval_paper/impact/00539355.gt.xml",
    "ocr": "/home/cnd/tmp/dev/ocr_eval_paper/impact/00539355.gt4hist.xml",

    "cer": 0.12054965646470955,
    "wer": 0.3284132841328413,

    "n_characters": 1601,
    "n_words": 271
}