{
    "gt": "/home/cnd/tmp/dev/ocr_eval_paper/impact/00539362.gt.xml",
    "ocr": "/home/cnd/tmp/dev/ocr_eval_paper/impact/00539362.nld.xml",

    "cer": 0.0694006309148265,
    "wer": 0.16546762589928057,

    "n_characters": 1585,
    "n_words": 278
}