{
    "gt": "/home/cnd/tmp/dev/ocr_eval_paper/impact/00539307.gt.xml",
    "ocr": "/home/cnd/tmp/dev/ocr_eval_paper/impact/00539307.nld.xml",

    "cer": 0.07773279352226721,
    "wer": 0.20853080568720378,

    "n_characters": 1235,
    "n_words": 211
}