{
    "gt": "/home/cnd/tmp/dev/ocr_eval_paper/impact/00539336.gt.xml",
    "ocr": "/home/cnd/tmp/dev/ocr_eval_paper/impact/00539336.nld.xml",

    "cer": 0.13278271918678525,
    "wer": 0.24124513618677043,

    "n_characters": 1574,
    "n_words": 257
}