{
    "gt": "/home/cnd/tmp/dev/ocr_eval_paper/impact/00539321.gt.xml",
    "ocr": "/home/cnd/tmp/dev/ocr_eval_paper/impact/00539321.gt4hist.xml",

    "cer": 0.07391304347826087,
    "wer": 0.14444444444444443,

    "n_characters": 1610,
    "n_words": 270
}