{
    "gt": "/home/cnd/tmp/dev/ocr_eval_paper/impact/00539285.gt.xml",
    "ocr": "/home/cnd/tmp/dev/ocr_eval_paper/impact/00539285.gt4hist.xml",

    "cer": 0.14175058094500387,
    "wer": 0.39908256880733944,

    "n_characters": 1291,
    "n_words": 218
}