{
    "gt": "/home/cnd/tmp/dev/ocr_eval_paper/impact/00539315.gt.xml",
    "ocr": "/home/cnd/tmp/dev/ocr_eval_paper/impact/00539315.gt4hist.xml",

    "cer": 0.0672782874617737,
    "wer": 0.18493150684931506,

    "n_characters": 1635,
    "n_words": 292
}