{
    "gt": "/home/cnd/tmp/dev/ocr_eval_paper/impact/00539369.gt.xml",
    "ocr": "/home/cnd/tmp/dev/ocr_eval_paper/impact/00539369.gt4hist.xml",

    "cer": 0.0998766954377312,
    "wer": 0.2605633802816901,

    "n_characters": 1622,
    "n_words": 284
}