{
    "gt": "/home/cnd/tmp/dev/ocr_eval_paper/impact/00539340.gt.xml",
    "ocr": "/home/cnd/tmp/dev/ocr_eval_paper/impact/00539340.gt4hist.xml",

    "cer": 0.19641754169240272,
    "wer": 0.19767441860465115,

    "n_characters": 1619,
    "n_words": 258
}