{
    "gt": "/home/cnd/tmp/dev/ocr_eval_paper/impact/00539311.gt.xml",
    "ocr": "/home/cnd/tmp/dev/ocr_eval_paper/impact/00539311.gt4hist.xml",

    "cer": 0.11337579617834395,
    "wer": 0.27941176470588236,

    "n_characters": 785,
    "n_words": 136
}