{
    "gt": "/home/cnd/tmp/dev/ocr_eval_paper/impact/00539343.gt.xml",
    "ocr": "/home/cnd/tmp/dev/ocr_eval_paper/impact/00539343.gt4hist.xml",

    "cer": 0.3766617429837518,
    "wer": 0.6774193548387096,

    "n_characters": 1354,
    "n_words": 217
}