{
    "gt": "/home/cnd/tmp/dev/ocr_eval_paper/impact/00539291.gt.xml",
    "ocr": "/home/cnd/tmp/dev/ocr_eval_paper/impact/00539291.nld.xml",

    "cer": 0.11136712749615975,
    "wer": 0.16521739130434782,

    "n_characters": 1302,
    "n_words": 230
}