{
    "gt": "/home/cnd/tmp/dev/ocr_eval_paper/impact/00539288.gt.xml",
    "ocr": "/home/cnd/tmp/dev/ocr_eval_paper/impact/00539288.nld.xml",

    "cer": 0.07382039573820395,
    "wer": 0.20179372197309417,

    "n_characters": 1314,
    "n_words": 223
}