{
    "gt": "/home/cnd/tmp/dev/ocr_eval_paper/impact/00539320.gt.xml",
    "ocr": "/home/cnd/tmp/dev/ocr_eval_paper/impact/00539320.nld.xml",

    "cer": 0.07579102281089035,
    "wer": 0.1452991452991453,

    "n_characters": 1359,
    "n_words": 234
}