{
    "gt": "/home/cnd/tmp/dev/ocr_eval_paper/impact/00539300.gt.xml",
    "ocr": "/home/cnd/tmp/dev/ocr_eval_paper/impact/00539300.gt4hist.xml",

    "cer": 0.1344463971880492,
    "wer": 0.3694581280788177,

    "n_characters": 1138,
    "n_words": 203
}