{
    "gt": "/home/cnd/tmp/dev/ocr_eval_paper/impact/00539344.gt.xml",
    "ocr": "/home/cnd/tmp/dev/ocr_eval_paper/impact/00539344.nld.xml",

    "cer": 0.10477371357718537,
    "wer": 0.20155038759689922,

    "n_characters": 1613,
    "n_words": 258
}