{
    "gt": "/home/cnd/tmp/dev/ocr_eval_paper/impact/00539295.gt.xml",
    "ocr": "/home/cnd/tmp/dev/ocr_eval_paper/impact/00539295.nld.xml",

    "cer": 0.07449392712550608,
    "wer": 0.19534883720930232,

    "n_characters": 1235,
    "n_words": 215
}