{
    "gt": "/home/cnd/tmp/dev/ocr_eval_paper/impact/00539275.gt.xml",
    "ocr": "/home/cnd/tmp/dev/ocr_eval_paper/impact/00539275.nld.xml",

    "cer": 0.08187134502923976,
    "wer": 0.21621621621621623,

    "n_characters": 855,
    "n_words": 148
}