{
    "gt": "/home/cnd/tmp/dev/ocr_eval_paper/impact/00539337.gt.xml",
    "ocr": "/home/cnd/tmp/dev/ocr_eval_paper/impact/00539337.gt4hist.xml",

    "cer": 0.11313868613138686,
    "wer": 0.3102189781021898,

    "n_characters": 1644,
    "n_words": 274
}