{
    "gt": "/home/cnd/tmp/dev/ocr_eval_paper/impact/00539348.gt.xml",
    "ocr": "/home/cnd/tmp/dev/ocr_eval_paper/impact/00539348.gt4hist.xml",

    "cer": 0.11175710594315245,
    "wer": 0.31496062992125984,

    "n_characters": 1548,
    "n_words": 254
}