{
    "gt": "/home/cnd/tmp/dev/ocr_eval_paper/impact/00539283.gt.xml",
    "ocr": "/home/cnd/tmp/dev/ocr_eval_paper/impact/00539283.gt4hist.xml",

    "cer": 0.15177865612648223,
    "wer": 0.41379310344827586,

    "n_characters": 1265,
    "n_words": 203
}