{
    "gt": "/home/cnd/tmp/dev/ocr_eval_paper/impact/00539333.gt.xml",
    "ocr": "/home/cnd/tmp/dev/ocr_eval_paper/impact/00539333.gt4hist.xml",

    "cer": 0.14893617021276595,
    "wer": 0.3779527559055118,

    "n_characters": 1551,
    "n_words": 254
}