{
    "gt": "/home/cnd/tmp/dev/ocr_eval_paper/impact/00539330.gt.xml",
    "ocr": "/home/cnd/tmp/dev/ocr_eval_paper/impact/00539330.gt4hist.xml",

    "cer": 0.13079667063020214,
    "wer": 0.28832116788321166,

    "n_characters": 1682,
    "n_words": 274
}