{
    "gt": "/home/cnd/tmp/dev/ocr_eval_paper/impact/00539286.gt.xml",
    "ocr": "/home/cnd/tmp/dev/ocr_eval_paper/impact/00539286.nld.xml",

    "cer": 0.05542725173210162,
    "wer": 0.12669683257918551,

    "n_characters": 1299,
    "n_words": 221
}