{
    "gt": "/home/cnd/tmp/dev/ocr_eval_paper/impact/00539316.gt.xml",
    "ocr": "/home/cnd/tmp/dev/ocr_eval_paper/impact/00539316.gt4hist.xml",

    "cer": 0.07594167679222358,
    "wer": 0.2302158273381295,

    "n_characters": 1646,
    "n_words": 278
}