{
    "gt": "/home/cnd/tmp/dev/ocr_eval_paper/impact/00539327.gt.xml",
    "ocr": "/home/cnd/tmp/dev/ocr_eval_paper/impact/00539327.gt4hist.xml",

    "cer": 0.052763819095477386,
    "wer": 0.14339622641509434,

    "n_characters": 1592,
    "n_words": 265
}