{
    "gt": "/home/cnd/tmp/dev/ocr_eval_paper/impact/00539312.gt.xml",
    "ocr": "/home/cnd/tmp/dev/ocr_eval_paper/impact/00539312.gt4hist.xml",

    "cer": 0.125810635538262,
    "wer": 0.2737642585551331,

    "n_characters": 1542,
    "n_words": 263
}