{
    "gt": "/home/cnd/tmp/dev/ocr_eval_paper/impact/00539299.gt.xml",
    "ocr": "/home/cnd/tmp/dev/ocr_eval_paper/impact/00539299.nld.xml",

    "cer": 0.08962264150943396,
    "wer": 0.17894736842105263,

    "n_characters": 1060,
    "n_words": 190
}