{
    "gt": "/home/cnd/tmp/dev/ocr_eval_paper/impact/00539327.gt.xml",
    "ocr": "/home/cnd/tmp/dev/ocr_eval_paper/impact/00539327.nld.xml",

    "cer": 0.0414572864321608,
    "wer": 0.07924528301886792,

    "n_characters": 1592,
    "n_words": 265
}