{
    "gt": "/home/cnd/tmp/dev/ocr_eval_paper/impact/00539286.gt.xml",
    "ocr": "/home/cnd/tmp/dev/ocr_eval_paper/impact/00539286.gt4hist.xml",

    "cer": 0.1077752117013087,
    "wer": 0.3212669683257919,

    "n_characters": 1299,
    "n_words": 221
}