{
    "gt": "/home/cnd/tmp/dev/ocr_eval_paper/impact/00539279.gt.xml",
    "ocr": "/home/cnd/tmp/dev/ocr_eval_paper/impact/00539279.nld.xml",

    "cer": 0.08003300330033003,
    "wer": 0.18571428571428572,

    "n_characters": 1212,
    "n_words": 210
}