{
    "gt": "/home/cnd/tmp/dev/ocr_eval_paper/impact/00539333.gt.xml",
    "ocr": "/home/cnd/tmp/dev/ocr_eval_paper/impact/00539333.nld.xml",

    "cer": 0.10638297872340426,
    "wer": 0.25196850393700787,

    "n_characters": 1551,
    "n_words": 254
}