{
    "gt": "/home/cnd/tmp/dev/ocr_eval_paper/impact/00539349.gt.xml",
    "ocr": "/home/cnd/tmp/dev/ocr_eval_paper/impact/00539349.gt4hist.xml",

    "cer": 0.13345983554712207,
    "wer": 0.3413654618473896,

    "n_characters": 1581,
    "n_words": 249
}