{
    "gt": "/home/cnd/tmp/dev/ocr_eval_paper/impact/00539359.gt.xml",
    "ocr": "/home/cnd/tmp/dev/ocr_eval_paper/impact/00539359.gt4hist.xml",

    "cer": 0.12606060606060607,
    "wer": 0.3154121863799283,

    "n_characters": 1650,
    "n_words": 279
}