{
    "gt": "/home/cnd/tmp/dev/ocr_eval_paper/impact/00539301.gt.xml",
    "ocr": "/home/cnd/tmp/dev/ocr_eval_paper/impact/00539301.gt4hist.xml",

    "cer": 0.13253012048192772,
    "wer": 0.37209302325581395,

    "n_characters": 996,
    "n_words": 172
}