{
    "gt": "/home/cnd/tmp/dev/ocr_eval_paper/impact/00539276.gt.xml",
    "ocr": "/home/cnd/tmp/dev/ocr_eval_paper/impact/00539276.nld.xml",

    "cer": 0.1088646967340591,
    "wer": 0.16740088105726872,

    "n_characters": 1286,
    "n_words": 227
}