{
    "gt": "/home/cnd/tmp/dev/ocr_eval_paper/impact/00539273.gt.xml",
    "ocr": "/home/cnd/tmp/dev/ocr_eval_paper/impact/00539273.nld.xml",

    "cer": 0.21594202898550724,
    "wer": 0.34234234234234234,

    "n_characters": 690,
    "n_words": 111
}