{
    "gt": "/home/cnd/tmp/dev/ocr_eval_paper/impact/00539325.gt.xml",
    "ocr": "/home/cnd/tmp/dev/ocr_eval_paper/impact/00539325.nld.xml",

    "cer": 0.11547911547911548,
    "wer": 0.26881720430107525,

    "n_characters": 1628,
    "n_words": 279
}