{
    "gt": "/home/cnd/tmp/dev/ocr_eval_paper/impact/00539372.gt.xml",
    "ocr": "/home/cnd/tmp/dev/ocr_eval_paper/impact/00539372.nld.xml",

    "cer": 0.08466257668711656,
    "wer": 0.09342560553633218,

    "n_characters": 1630,
    "n_words": 289
}