{
    "gt": "/home/cnd/tmp/dev/ocr_eval_paper/impact/00539305.gt.xml",
    "ocr": "/home/cnd/tmp/dev/ocr_eval_paper/impact/00539305.gt4hist.xml",

    "cer": 0.2465897166841553,
    "wer": 0.5337423312883436,

    "n_characters": 953,
    "n_words": 163
}