{
    "gt": "/home/cnd/tmp/dev/ocr_eval_paper/impact/00539298.gt.xml",
    "ocr": "/home/cnd/tmp/dev/ocr_eval_paper/impact/00539298.gt4hist.xml",

    "cer": 0.1431297709923664,
    "wer": 0.425414364640884,

    "n_characters": 1048,
    "n_words": 181
}