{
    "gt": "/home/cnd/tmp/dev/ocr_eval_paper/impact/00539357.gt.xml",
    "ocr": "/home/cnd/tmp/dev/ocr_eval_paper/impact/00539357.nld.xml",

    "cer": 0.07770700636942675,
    "wer": 0.1752988047808765,

    "n_characters": 1570,
    "n_words": 251
}