{
    "gt": "/home/cnd/tmp/dev/ocr_eval_paper/impact/00539364.gt.xml",
    "ocr": "/home/cnd/tmp/dev/ocr_eval_paper/impact/00539364.gt4hist.xml",

    "cer": 0.07374443738080101,
    "wer": 0.21348314606741572,

    "n_characters": 1573,
    "n_words": 267
}