{
    "gt": "/home/cnd/tmp/dev/ocr_eval_paper/impact/00539341.gt.xml",
    "ocr": "/home/cnd/tmp/dev/ocr_eval_paper/impact/00539341.nld.xml",

    "cer": 0.09784615384615385,
    "wer": 0.1948529411764706,

    "n_characters": 1625,
    "n_words": 272
}