{
    "gt": "/home/cnd/tmp/dev/ocr_eval_paper/impact/00539318.gt.xml",
    "ocr": "/home/cnd/tmp/dev/ocr_eval_paper/impact/00539318.gt4hist.xml",

    "cer": 0.1004313000616143,
    "wer": 0.1348314606741573,

    "n_characters": 1623,
    "n_words": 267
}