{
    "gt": "/home/cnd/tmp/dev/ocr_eval_paper/impact/00539335.gt.xml",
    "ocr": "/home/cnd/tmp/dev/ocr_eval_paper/impact/00539335.gt4hist.xml",

    "cer": 0.08523489932885905,
    "wer": 0.21991701244813278,

    "n_characters": 1490,
    "n_words": 241
}