{
    "gt": "/home/cnd/tmp/dev/ocr_eval_paper/impact/00539322.gt.xml",
    "ocr": "/home/cnd/tmp/dev/ocr_eval_paper/impact/00539322.nld.xml",

    "cer": 0.128428927680798,
    "wer": 0.15331010452961671,

    "n_characters": 1604,
    "n_words": 287
}