{
    "gt": "/home/cnd/tmp/dev/ocr_eval_paper/impact/00539372.gt.xml",
    "ocr": "/home/cnd/tmp/dev/ocr_eval_paper/impact/00539372.gt4hist.xml",

    "cer": 0.1558282208588957,
    "wer": 0.3391003460207612,

    "n_characters": 1630,
    "n_words": 289
}