{
    "gt": "/home/cnd/tmp/dev/ocr_eval_paper/impact/00539281.gt.xml",
    "ocr": "/home/cnd/tmp/dev/ocr_eval_paper/impact/00539281.nld.xml",

    "cer": 0.08253968253968254,
    "wer": 0.14847161572052403,

    "n_characters": 1260,
    "n_words": 229
}