{
    "gt": "/home/cnd/tmp/dev/ocr_eval_paper/impact/00539282.gt.xml",
    "ocr": "/home/cnd/tmp/dev/ocr_eval_paper/impact/00539282.gt4hist.xml",

    "cer": 0.1563517915309446,
    "wer": 0.4604651162790698,

    "n_characters": 1228,
    "n_words": 215
}