{
    "gt": "/home/cnd/tmp/dev/ocr_eval_paper/impact/00539309.gt.xml",
    "ocr": "/home/cnd/tmp/dev/ocr_eval_paper/impact/00539309.gt4hist.xml",

    "cer": 0.161186848436247,
    "wer": 0.49523809523809526,

    "n_characters": 1247,
    "n_words": 210
}