{
    "gt": "/home/cnd/tmp/dev/ocr_eval_paper/impact/00539293.gt.xml",
    "ocr": "/home/cnd/tmp/dev/ocr_eval_paper/impact/00539293.gt4hist.xml",

    "cer": 0.10104250200481155,
    "wer": 0.2897196261682243,

    "n_characters": 1247,
    "n_words": 214
}