{
    "gt": "/home/cnd/tmp/dev/ocr_eval_paper/impact/00539299.gt.xml",
    "ocr": "/home/cnd/tmp/dev/ocr_eval_paper/impact/00539299.gt4hist.xml",

    "cer": 0.15471698113207547,
    "wer": 0.38421052631578945,

    "n_characters": 1060,
    "n_words": 190
}