{
    "gt": "/home/cnd/tmp/dev/ocr_eval_paper/impact/00539320.gt.xml",
    "ocr": "/home/cnd/tmp/dev/ocr_eval_paper/impact/00539320.gt4hist.xml",

    "cer": 0.08609271523178808,
    "wer": 0.23076923076923078,

    "n_characters": 1359,
    "n_words": 234
}