{
    "gt": "/home/cnd/tmp/dev/ocr_eval_paper/impact/00539347.gt.xml",
    "ocr": "/home/cnd/tmp/dev/ocr_eval_paper/impact/00539347.nld.xml",

    "cer": 0.055757575757575756,
    "wer": 0.14909090909090908,

    "n_characters": 1650,
    "n_words": 275
}