{
    "gt": "/home/cnd/tmp/dev/ocr_eval_paper/impact/00539283.gt.xml",
    "ocr": "/home/cnd/tmp/dev/ocr_eval_paper/impact/00539283.nld.xml",

    "cer": 0.07035573122529644,
    "wer": 0.19704433497536947,

    "n_characters": 1265,
    "n_words": 203
}