{
    "gt": "/home/cnd/tmp/dev/ocr_eval_paper/impact/00539347.gt.xml",
    "ocr": "/home/cnd/tmp/dev/ocr_eval_paper/impact/00539347.gt4hist.xml",

    "cer": 0.10606060606060606,
    "wer": 0.33090909090909093,

    "n_characters": 1650,
    "n_words": 275
}