{
    "gt": "/home/cnd/tmp/dev/ocr_eval_paper/impact/00539314.gt.xml",
    "ocr": "/home/cnd/tmp/dev/ocr_eval_paper/impact/00539314.gt4hist.xml",

    "cer": 0.11601513240857503,
    "wer": 0.15636363636363637,

    "n_characters": 1586,
    "n_words": 275
}