{
    "gt": "/home/cnd/tmp/dev/ocr_eval_paper/impact/00539368.gt.xml",
    "ocr": "/home/cnd/tmp/dev/ocr_eval_paper/impact/00539368.nld.xml",

    "cer": 0.06676449009537784,
    "wer": 0.12236286919831224,

    "n_characters": 1363,
    "n_words": 237
}