{
    "gt": "/home/cnd/tmp/dev/ocr_eval_paper/impact/00539313.gt.xml",
    "ocr": "/home/cnd/tmp/dev/ocr_eval_paper/impact/00539313.gt4hist.xml",

    "cer": 0.07276119402985075,
    "wer": 0.18007662835249041,

    "n_characters": 1608,
    "n_words": 261
}