{
    "gt": "/home/cnd/tmp/dev/ocr_eval_paper/impact/00539358.gt.xml",
    "ocr": "/home/cnd/tmp/dev/ocr_eval_paper/impact/00539358.nld.xml",

    "cer": 0.05848329048843188,
    "wer": 0.11355311355311355,

    "n_characters": 1556,
    "n_words": 273
}