{
    "gt": "/home/cnd/tmp/dev/ocr_eval_paper/impact/00539363.gt.xml",
    "ocr": "/home/cnd/tmp/dev/ocr_eval_paper/impact/00539363.gt4hist.xml",

    "cer": 0.10404624277456648,
    "wer": 0.30039525691699603,

    "n_characters": 1557,
    "n_words": 253
}