{
    "gt": "/home/cnd/tmp/dev/ocr_eval_paper/impact/00539334.gt.xml",
    "ocr": "/home/cnd/tmp/dev/ocr_eval_paper/impact/00539334.nld.xml",

    "cer": 0.11483550589695841,
    "wer": 0.14901960784313725,

    "n_characters": 1611,
    "n_words": 255
}