{
    "gt": "/home/cnd/tmp/dev/ocr_eval_paper/impact/00539329.gt.xml",
    "ocr": "/home/cnd/tmp/dev/ocr_eval_paper/impact/00539329.gt4hist.xml",

    "cer": 0.08488862131246237,
    "wer": 0.2366412213740458,

    "n_characters": 1661,
    "n_words": 262
}