{
    "gt": "/home/cnd/tmp/dev/ocr_eval_paper/impact/00539312.gt.xml",
    "ocr": "/home/cnd/tmp/dev/ocr_eval_paper/impact/00539312.nld.xml",

    "cer": 0.09792477302204929,
    "wer": 0.21292775665399238,

    "n_characters": 1542,
    "n_words": 263
}