{
    "gt": "/home/cnd/tmp/dev/ocr_eval_paper/impact/00539343.gt.xml",
    "ocr": "/home/cnd/tmp/dev/ocr_eval_paper/impact/00539343.nld.xml",

    "cer": 0.3522895125553914,
    "wer": 0.46543778801843316,

    "n_characters": 1354,
    "n_words": 217
}