{
    "gt": "/home/cnd/tmp/dev/ocr_eval_paper/impact/00539302.gt.xml",
    "ocr": "/home/cnd/tmp/dev/ocr_eval_paper/impact/00539302.nld.xml",

    "cer": 0.08161434977578476,
    "wer": 0.1837837837837838,

    "n_characters": 1115,
    "n_words": 185
}