{
    "gt": "/home/cnd/tmp/dev/ocr_eval_paper/impact/00539302.gt.xml",
    "ocr": "/home/cnd/tmp/dev/ocr_eval_paper/impact/00539302.gt4hist.xml",

    "cer": 0.17040358744394618,
    "wer": 0.4540540540540541,

    "n_characters": 1115,
    "n_words": 185
}