{
    "gt": "/home/cnd/tmp/dev/ocr_eval_paper/impact/00539337.gt.xml",
    "ocr": "/home/cnd/tmp/dev/ocr_eval_paper/impact/00539337.nld.xml",

    "cer": 0.04562043795620438,
    "wer": 0.11678832116788321,

    "n_characters": 1644,
    "n_words": 274
}