{
    "gt": "/home/cnd/tmp/dev/ocr_eval_paper/impact/00539338.gt.xml",
    "ocr": "/home/cnd/tmp/dev/ocr_eval_paper/impact/00539338.gt4hist.xml",

    "cer": 0.09980806142034548,
    "wer": 0.17045454545454544,

    "n_characters": 1563,
    "n_words": 264
}