{
    "gt": "/home/cnd/tmp/dev/ocr_eval_paper/impact/00539366.gt.xml",
    "ocr": "/home/cnd/tmp/dev/ocr_eval_paper/impact/00539366.gt4hist.xml",

    "cer": 0.06670822942643391,
    "wer": 0.16104868913857678,

    "n_characters": 1604,
    "n_words": 267
}